"database_identifier"	"chemical_formula"	"smiles"	"inchi"	"metabolite_identification"	"mass_to_charge"	"fragmentation"	"modifications"	"charge"	"retention_time"	"taxid"	"species"	"database"	"database_version"	"reliability"	"uri"	"search_engine"	"search_engine_score"	"smallmolecule_abundance_sub"	"smallmolecule_abundance_stdev_sub"	"smallmolecule_abundance_std_error_sub"	"1005"	"1007"	"1010"	"1011"	"1012"	"1013"	"1015"	"1017"	"1018"	"1019"	"1022"	"2004"	"2006"	"2010"	"2011"	"2012"	"2013"	"2014"	"2015"	"2016"	"2019"	"2022"	"2024"	"2026"	"2028"	"2029"
"CHEBI:72640"	"C22H32O3"	"CCC=C/CC=C/CC=C/C=C/C(O)CC=C/CC=C/CCC(O)=O"	"InChI=1S/C22H32O3/c1-2-3-4-5-6-7-8-9-12-15-18-21(23)19-16-13-10-11-14-17-20-22(24)25/h3-4,6-7,9,11-16,18,21,23H,2,5,8,10,17,19-20H2,1H3,(H,24,25)/b4-3-,7-6-,12-9-,14-11-,16-13-,18-15+"	"10-HDoHE"	"343.2"	"153"	"[M-H]-"	"-"	""	"NCBITAXON:http://purl.bioontology.org/ontology/NCBITAXON/9606"	"Homo sapiens"	""	""	""	""	""	""	""	""	""	"1.65645339"	"2.596471702"	"1.446514514"	"1.457328262"	"6.396634294"	"4.521024985"	"6.158576477"	"1.90247078"	"4.320416012"	"8.796497184"	"8.140018627"	"2.067056653"	"3.357281959"	"3.828229819"	"1.418669259"	"2.600673905"	"6.390750668"	"2.927681044"	"1.888852658"	"1.866017843"	"1.893519094"	"0.998298644"	"0.561751844"	"1.69520646"	"1.417714397"	"2.534724324"
"CHEBI:140930"	"C22H32O4"	"C(O)(=O)CC/C=C\C/C=C\C[C@@H](/C=C/C=C\C=C\[C@H](C/C=C\CC)O)O"	"InChI=1S/C22H32O4/c1-2-3-10-15-20(23)17-12-8-9-13-18-21(24)16-11-6-4-5-7-14-19-22(25)26/h3,5-13,17-18,20-21,23-24H,2,4,14-16,19H2,1H3,(H,25,26)/b7-5-,9-8-,10-3-,11-6-,17-12+,18-13+/t20-,21-/m0/s1"	"10S,17S-DiHDoHE"	""	""	"[M-H]-"	"-"	""	"NCBITAXON:http://purl.bioontology.org/ontology/NCBITAXON/9606"	"Homo sapiens"	""	""	""	""	""	""	""	""	""	"0.515344492"	"1.065024354"	"0.085577796"	"0.230791563"	"4.319349967"	"2.420291133"	"2.640403615"	"0.676515866"	"1.959282184"	"2.984207582"	"4.486528413"	"0.37588917"	"0.918045914"	"0.249544111"	"0.19252852"	"0.396176614"	"2.58655824"	"1.022063651"	"0.48069142"	"0.125739327"	"0.507012773"	"0.136192934"	"0.014732565"	"0.385842522"	"0.328812999"	"0.76281328"
"CHEBI:63969"	"C20H34O4"	"CCCCCC=C/CC(O)C(O)CC=C/CC=C/CCCC(O)=O"	"InChI=1S/C20H34O4/c1-2-3-4-5-9-12-15-18(21)19(22)16-13-10-7-6-8-11-14-17-20(23)24/h6,8-10,12-13,18-19,21-22H,2-5,7,11,14-17H2,1H3,(H,23,24)/b8-6-,12-9-,13-10-"	"11,12-DiHETrE"	""	""	"[M-H]-"	"-"	""	"NCBITAXON:http://purl.bioontology.org/ontology/NCBITAXON/9606"	"Homo sapiens"	""	""	""	""	""	""	""	""	""	"0.067744071"	"0.046663188"	"0.08113915"	"0.043134131"	"0.076938952"	"0.088399192"	"0.050627455"	"0.057367678"	"0.056328237"	"0.098422112"	"0.054757853"	"0.092407119"	"0.102972309"	"0.079498582"	"0.104609393"	"0.08230734"	"0.059760245"	"0.100037095"	"0.086336765"	"0.112935224"	"0.091438351"	"0.090632522"	"0.168285036"	"0.097079198"	"0.072572999"	"0.075829751"
"CHEBI:34130"	"C20H32O3"	"CCCCCC=C/CC1OC1CC=C/CC=C/CCCC(O)=O"	"InChI=1S/C20H32O3/c1-2-3-4-5-9-12-15-18-19(23-18)16-13-10-7-6-8-11-14-17-20(21)22/h6,8-10,12-13,18-19H,2-5,7,11,14-17H2,1H3,(H,21,22)/b8-6-,12-9-,13-10-"	"11,12-EpETrE"	""	""	"[M-H]-"	"-"	""	"NCBITAXON:http://purl.bioontology.org/ontology/NCBITAXON/9606"	"Homo sapiens"	""	""	""	""	""	""	""	""	""	"0.005165444"	"0.005729345"	"0.00376595"	"0.004569985"	"0.009359189"	"0.013377156"	"0.002842963"	"0.002456862"	"0.003958323"	"0.00388458"	"0.007053725"	"0.002730879"	"0.006905901"	"0.007238107"	"0.004041529"	"0.00733394"	"0.00721873"	"0.003773928"	"0.006807992"	"0.005738913"	"0.004583687"	"0.005259214"	"0.005426482"	"0.003623388"	"0.005563774"	"0.005634431"
"CHEBI:140931"	"C20H34O5"	"[C@H]1([C@H]([C@H](C[C@@H]1O)O)C/C=C\CCCC(O)=O)CCC(CCCCC)=O"	"InChI=1S/C20H34O5/c1-2-3-6-9-15(21)12-13-17-16(18(22)14-19(17)23)10-7-4-5-8-11-20(24)25/h4,7,16-19,22-23H,2-3,5-6,8-14H2,1H3,(H,24,25)/b7-4-/t16-,17-,18+,19+/m1/s1"	"11beta-13,14-dihydro-15-keto-PGF2a"	""	""	"[M-H]-"	"-"	""	"NCBITAXON:http://purl.bioontology.org/ontology/NCBITAXON/9606"	"Homo sapiens"	""	""	""	""	""	""	""	""	""	"0.043140092"	"0.014708516"	"0.021700112"	"0.033368115"	"0.056320926"	"0.179843331"	"0.070419486"	"0.066661445"	"0.025549419"	"0.024308806"	"0.051127386"	"0.026525946"	"0.027484032"	"0.050912834"	"0.050812258"	"0.065833952"	"0.076317632"	"0.035545859"	"0.066216771"	"0.02286004"	"0.035322679"	"0.031398716"	"0.003160778"	"0.037892978"	"0.088925981"	"0.056504789"
"CHEBI:140932"	"C20H32O5"	"[C@H]1([C@H](C(C[C@@H]1O)=O)C/C=C\CCCC(O)=O)/C=C/[C@H](CCCCC)O"	"InChI=1S/C20H32O5/c1-2-3-6-9-15(21)12-13-17-16(18(22)14-19(17)23)10-7-4-5-8-11-20(24)25/h4,7,12-13,15-17,19,21,23H,2-3,5-6,8-11,14H2,1H3,(H,24,25)/b7-4-,13-12+/t15-,16+,17+,19-/m0/s1"	"11beta-PGE2"	""	""	"[M-H]-"	"-"	""	"NCBITAXON:http://purl.bioontology.org/ontology/NCBITAXON/9606"	"Homo sapiens"	""	""	""	""	""	""	""	""	""	"0.136615171"	"0.186216454"	"0.016402314"	"0.086133408"	"0.33367779"	"0.631403904"	"0.125730095"	"0.058394071"	"0.12349276"	"0.091484507"	"0.21546852"	"0.038918442"	"0.116090097"	"0.205613804"	"0.03748078"	"0.095383778"	"0.093149582"	"0.100731659"	"0.091979904"	"0.030318516"	"0.077755217"	"0.030463993"	"0.007112235"	"0.05657041"	"0.424391266"	"0.173480368"
"CHEBI:72794"	"C22H32O3"	"CCC=C/CC=C/CC=C/CC(O)C=CC=C/CC=C/CCC(O)=O"	"InChI=1S/C22H32O3/c1-2-3-4-5-6-7-9-12-15-18-21(23)19-16-13-10-8-11-14-17-20-22(24)25/h3-4,6-7,10-16,19,21,23H,2,5,8-9,17-18,20H2,1H3,(H,24,25)/b4-3-,7-6-,13-10-,14-11-,15-12-,19-16+"	"11-HDoHE"	"343.2"	"121"	"[M-H]-"	"-"	""	"NCBITAXON:http://purl.bioontology.org/ontology/NCBITAXON/9606"	"Homo sapiens"	""	""	""	""	""	""	""	""	""	"1.437483801"	"2.080483059"	"1.180490991"	"0.975300829"	"4.505553041"	"4.374750643"	"4.087291791"	"1.181245764"	"2.860545774"	"5.16896776"	"6.030213805"	"1.180359798"	"1.974097818"	"2.168544494"	"0.976387239"	"1.499024517"	"3.901142921"	"2.095029628"	"1.268677683"	"1.112626897"	"1.361334117"	"0.728595901"	"0.628309249"	"1.177810368"	"1.083947427"	"2.124050789"
"CHEBI:72606"	"C20H32O3"	"CCCCCC=C/C=C/C(O)CC=C/CC=C/CCCC(O)=O"	"InChI=1S/C20H32O3/c1-2-3-4-5-7-10-13-16-19(21)17-14-11-8-6-9-12-15-18-20(22)23/h6-7,9-11,13-14,16,19,21H,2-5,8,12,15,17-18H2,1H3,(H,22,23)/b9-6-,10-7-,14-11-,16-13+"	"11-HETE"	"319.2"	"167.1"	"[M-H]-"	"-"	""	"NCBITAXON:http://purl.bioontology.org/ontology/NCBITAXON/9606"	"Homo sapiens"	""	""	""	""	""	""	""	""	""	"23.62820456"	"37.00906486"	"8.099445966"	"12.15818148"	"73.04972293"	"49.96663621"	"31.00202503"	"19.1673563"	"41.82283385"	"62.61735958"	"55.41085679"	"15.78835009"	"33.51705522"	"16.87351806"	"10.5848878"	"14.75463651"	"46.82936533"	"37.31923296"	"29.07483684"	"14.23246959"	"16.05608447"	"7.443814415"	"1.75864347"	"14.75972316"	"14.02126471"	"17.77639583"
"CHEBI:88461"	"C18H32O4"	"CC/C=CCC(C(C/C=CCCCCCCCC(O)=O)O)O"	"InChI=1S/C18H32O4/c1-2-3-10-13-16(19)17(20)14-11-8-6-4-5-7-9-12-15-18(21)22/h3,8,10-11,16-17,19-20H,2,4-7,9,12-15H2,1H3,(H,21,22)/b10-3-,11-8-"	"12,13-DiHODE"	"311.2"	"293"	"[M-H]-"	"-"	""	"NCBITAXON:http://purl.bioontology.org/ontology/NCBITAXON/9606"	"Homo sapiens"	""	""	""	""	""	""	""	""	""	"0.425735687"	"0.23296244"	"0.153435065"	"0.796033944"	"1.710495197"	"5.094132702"	"0.881970459"	"0.159179034"	"0.607291946"	"0.440631922"	"0.699396819"	"0.129758114"	"0.640398085"	"3.705661097"	"0.197524943"	"0.901794793"	"0.87110759"	"1.330282433"	"0.640025773"	"0.210581552"	"0.30221478"	"0.157972689"	"0.077790514"	"0.209987409"	"1.784454708"	"0.691077913"
"CHEBI:72665"	"C18H34O4"	"CCCCCC(O)C(O)CC=C/CCCCCCCC(O)=O"	"InChI=1S/C18H34O4/c1-2-3-10-13-16(19)17(20)14-11-8-6-4-5-7-9-12-15-18(21)22/h8,11,16-17,19-20H,2-7,9-10,12-15H2,1H3,(H,21,22)/b11-8-"	"12,13-DiHOME"	"313.2"	"183.2"	"[M-H]-"	"-"	""	"NCBITAXON:http://purl.bioontology.org/ontology/NCBITAXON/9606"	"Homo sapiens"	""	""	""	""	""	""	""	""	""	"0.600528366"	"0.214256353"	"0.466512044"	"0.686560895"	"0.317003612"	"0.67546096"	"0.567865277"	"0.281116561"	"0.430921553"	"0.399843564"	"0.571712403"	"0.536357004"	"0.325750257"	"0.65206681"	"0.888060245"	"0.512056768"	"0.849127484"	"0.399151102"	"0.531142728"	"0.167975915"	"0.463368913"	"0.362957827"	"0.430484763"	"0.294238534"	"0.436086452"	"0.550229638"
"CHEBI:38299"	"C18H32O3"	"CCCCCC1OC1CC=C/CCCCCCCC(O)=O"	"InChI=1S/C18H32O3/c1-2-3-10-13-16-17(21-16)14-11-8-6-4-5-7-9-12-15-18(19)20/h8,11,16-17H,2-7,9-10,12-15H2,1H3,(H,19,20)/b11-8-"	"12,13-EpOME"	"295.2"	"195.2"	"[M-H]-"	"-"	""	"NCBITAXON:http://purl.bioontology.org/ontology/NCBITAXON/9606"	"Homo sapiens"	""	""	""	""	""	""	""	""	""	"0.293382825"	"0.302453683"	"0.273251732"	"0.41053153"	"0.350261524"	"0.349233346"	"0.287233654"	"0.381235618"	"0.337077982"	"0.341935295"	"0.291844633"	"0.28224534"	"0.396801394"	"0.384788068"	"0.331516883"	"0.366868934"	"0.338674027"	"0.365938953"	"0.406230203"	"0.286039381"	"0.301373238"	"0.369117936"	"0.325098468"	"0.325053719"	"0.308531807"	"0.341222027"
"CHEBI:19138"	"C20H32O3"	"[H]C(CCCC(O)=O)=CCC([H])=CC([H])=CC(O)CC([H])=CCCCCC"	"InChI=1S/C20H32O3/c1-2-3-4-5-10-13-16-19(21)17-14-11-8-6-7-9-12-15-18-20(22)23/h7-11,13-14,17,19,21H,2-6,12,15-16,18H2,1H3,(H,22,23)"	"12-HETE"	"319.2"	"179.2"	"[M-H]-"	"-"	""	"NCBITAXON:http://purl.bioontology.org/ontology/NCBITAXON/9606"	"Homo sapiens"	""	""	""	""	""	""	""	""	""	"5.823762333"	"12.72131396"	"17.12374985"	"14.92806729"	"50.19030039"	"31.64413574"	"12.56679978"	"3.858340241"	"16.60586336"	"19.01642191"	"13.75738261"	"3.499980342"	"11.0261027"	"84.76233257"	"5.475139122"	"24.33359351"	"14.01510352"	"13.57002329"	"7.023451893"	"10.67217904"	"5.478344244"	"2.839153194"	"16.74210519"	"8.356310742"	"16.82326569"	"43.08685169"
"CHEBI:34151"	"C20H30O3"	"CCCCCC=C/CC(=O)C=CC=C/CC=C/CCCC(O)=O"	"InChI=1S/C20H30O3/c1-2-3-4-5-10-13-16-19(21)17-14-11-8-6-7-9-12-15-18-20(22)23/h7-11,13-14,17H,2-6,12,15-16,18H2,1H3,(H,22,23)/b9-7-,11-8-,13-10-,17-14+"	"12-KETE"	""	""	"[M-H]-"	"-"	""	"NCBITAXON:http://purl.bioontology.org/ontology/NCBITAXON/9606"	"Homo sapiens"	""	""	""	""	""	""	""	""	""	"8.700943706"	"1.89481446"	"0.411782505"	"1.663004876"	"6.451020133"	"8.223303058"	"3.751023988"	"4.113769369"	"3.452098262"	"1.117929027"	"4.171949681"	"1.958085872"	"7.839526701"	"1.756790727"	"1.696325185"	"2.560848453"	"5.552704907"	"1.269781421"	"6.696184363"	"0.891712869"	"1.638170578"	"4.412213783"	"0.213855666"	"4.759957381"	"1.254430673"	"1.746880922"
"CHEBI:88345"	"C20H30O3"	"C(CC)=CC/C=CC[C@@H](/C=C/C=CC/C=CCCCC(=O)O)O"	"InChI=1S/C20H30O3/c1-2-3-4-5-10-13-16-19(21)17-14-11-8-6-7-9-12-15-18-20(22)23/h3-4,7-11,13-14,17,19,21H,2,5-6,12,15-16,18H2,1H3,(H,22,23)/b4-3-,9-7-,11-8-,13-10-,17-14+/t19-/m0/s1"	"12S-HEPE"	"317.2"	"179.1"	"[M-H]-"	"-"	""	"NCBITAXON:http://purl.bioontology.org/ontology/NCBITAXON/9606"	"Homo sapiens"	""	""	""	""	""	""	""	""	""	"0.088481772"	"0.167941446"	"0.199174526"	"0.091836735"	"1.113382344"	"1.694117467"	"0.738603059"	"0.077334735"	"0.249787401"	"0.492252511"	"0.717707199"	"0.0682348"	"0.287886628"	"1.977871416"	"0.105425575"	"0.596599863"	"0.428268172"	"0.153574457"	"0.083924783"	"0.102145464"	"0.104344793"	"0.057835523"	"0.215361872"	"0.150064291"	"0.303226946"	"0.726756137"
"CHEBI:63977"	"C17H28O3"	"CCCCC[C@H](O)C=CC=CCC=C/CCCC(O)=O"	"InChI=1S/C17H28O3/c1-2-3-10-13-16(18)14-11-8-6-4-5-7-9-12-15-17(19)20/h5-8,11,14,16,18H,2-4,9-10,12-13,15H2,1H3,(H,19,20)/b7-5-,8-6+,14-11+/t16-/m0/s1"	"12S-HHTrE"	"279.2"	"179.2"	"[M-H]-"	"-"	""	"NCBITAXON:http://purl.bioontology.org/ontology/NCBITAXON/9606"	"Homo sapiens"	""	""	""	""	""	""	""	""	""	"0.084378405"	"0.243126533"	"0.397980409"	"0.370545142"	"2.498484506"	"0.266139026"	"0.209867765"	"0.033043132"	"0.197660556"	"0.174615936"	"0.152532375"	"0.030855025"	"0.342142913"	"4.773342264"	"0.059421826"	"0.587377678"	"0.789009557"	"0.294587368"	"0.115224359"	"0.229021502"	"0.182336768"	"0.049356703"	"0.459080178"	"0.234205003"	"0.634347789"	"2.177950461"
"CHEBI:15626"	"C20H32O4"	"CCCCCC=C/C[C@H](OO)C=CC=C/CC=C/CCCC(O)=O"	"InChI=1S/C20H32O4/c1-2-3-4-5-10-13-16-19(24-23)17-14-11-8-6-7-9-12-15-18-20(21)22/h7-11,13-14,17,19,23H,2-6,12,15-16,18H2,1H3,(H,21,22)/b9-7-,11-8-,13-10-,17-14+/t19-/m0/s1"	"12S-HpETE"	""	""	"[M-H]-"	"-"	""	"NCBITAXON:http://purl.bioontology.org/ontology/NCBITAXON/9606"	"Homo sapiens"	""	""	""	""	""	""	""	""	""	"0.117949183"	"0.142341927"	"0.061249656"	"0.081917317"	"0.138781596"	"0.121270246"	"0.073743982"	"0.111889655"	"0.069293191"	"0.102359893"	"0.144264778"	"0.050739295"	"0.117550359"	"0.235035182"	"0.103993082"	"0.101532942"	"0.115341457"	"0.083097221"	"0.089675755"	"0.107589126"	"0.066534597"	"0.054062723"	"0.062702177"	"0.077265197"	"0.084074713"	"0.128960863"
"CHEBI:72603"	"C20H32O5"	"CCCCCC(=O)CC[C@@H]1[C@@H](C\C=C/CCCC(O)=O)[C@@H](O)CC1=O"	"InChI=1S/C20H32O5/c1-2-3-6-9-15(21)12-13-17-16(18(22)14-19(17)23)10-7-4-5-8-11-20(24)25/h4,7,16-18,22H,2-3,5-6,8-14H2,1H3,(H,24,25)/b7-4-/t16-,17-,18+/m1/s1"	"13,14-dihydro-15-keto-PGD2"	""	""	"[M-H]-"	"-"	""	"NCBITAXON:http://purl.bioontology.org/ontology/NCBITAXON/9606"	"Homo sapiens"	""	""	""	""	""	""	""	""	""	"0.027825215"	"0.031733463"	"0.00194417"	"0.021029577"	"0.112230684"	"0.131682832"	"0.028244048"	"0.020039618"	"0.047817423"	"0.013633469"	"0.020690938"	"0.008369274"	"0.021440812"	"0.035997325"	"0.008969527"	"0.026972985"	"0.021905724"	"0.031897528"	"0.028196117"	"0.004669578"	"0.021981516"	"0.012410977"	"0.001851325"	"0.013966218"	"0.020250927"	"0.033861017"
"CHEBI:15550"	"C20H32O5"	"CCCCCC(=O)CC[C@H]1[C@H](O)CC(=O)[C@@H]1CC=C/CCCC(O)=O"	"InChI=1S/C20H32O5/c1-2-3-6-9-15(21)12-13-17-16(18(22)14-19(17)23)10-7-4-5-8-11-20(24)25/h4,7,16-17,19,23H,2-3,5-6,8-14H2,1H3,(H,24,25)/b7-4-/t16-,17-,19-/m1/s1"	"13,14-dihydro-15-keto-PGE2"	""	""	"[M-H]-"	"-"	""	"NCBITAXON:http://purl.bioontology.org/ontology/NCBITAXON/9606"	"Homo sapiens"	""	""	""	""	""	""	""	""	""	"0.014316195"	"0.037887808"	"0.003209353"	"0.014376027"	"0.058201705"	"0.107298006"	"0.036978997"	"0.026770504"	"0.041909824"	"0.022052505"	"0.029777147"	"0.017060724"	"0.020403103"	"0.015032195"	"0.010877561"	"0.010242441"	"0.025723089"	"0.024467143"	"0.022916635"	"0.007780993"	"0.022610349"	"0.009695666"	"0.001179234"	"0.012543325"	"0.015004359"	"0.023325987"
"CHEBI:63976"	"C20H34O5"	"CCCCCC(=O)CC[C@H]1[C@H](O)C[C@H](O)[C@@H]1CC=C/CCCC(O)=O"	"InChI=1S/C20H34O5/c1-2-3-6-9-15(21)12-13-17-16(18(22)14-19(17)23)10-7-4-5-8-11-20(24)25/h4,7,16-19,22-23H,2-3,5-6,8-14H2,1H3,(H,24,25)/b7-4-/t16-,17-,18+,19-/m1/s1"	"13,14-dihydro-15-keto-PGF2a"	""	""	"[M-H]-"	"-"	""	"NCBITAXON:http://purl.bioontology.org/ontology/NCBITAXON/9606"	"Homo sapiens"	""	""	""	""	""	""	""	""	""	"0.050657505"	"0.037388509"	"0.027054345"	"0.041204999"	"0.089514163"	"0.224669864"	"0.065075092"	"0.056673275"	"0.036838043"	"0.036097134"	"0.080761589"	"0.028230537"	"0.03928493"	"0.115401447"	"0.044872026"	"0.066593087"	"0.061160358"	"0.04403629"	"0.055103209"	"0.039921416"	"0.033644905"	"0.042922293"	"0.04617582"	"0.040815693"	"0.097138144"	"0.065978929"
"CHEBI:88346"	"C20H36O5"	"[C@@H]1(CC[C@@H](O)CCCCC)[C@H]([C@H](C[C@H]1O)O)C/C=CCCCC(O)=O"	"InChI=1S/C20H36O5/c1-2-3-6-9-15(21)12-13-17-16(18(22)14-19(17)23)10-7-4-5-8-11-20(24)25/h4,7,15-19,21-23H,2-3,5-6,8-14H2,1H3,(H,24,25)/b7-4-/t15-,16+,17+,18-,19+/m0/s1"	"13,14-dihydro-PGF2a"	""	""	"[M-H]-"	"-"	""	"NCBITAXON:http://purl.bioontology.org/ontology/NCBITAXON/9606"	"Homo sapiens"	""	""	""	""	""	""	""	""	""	"0.041939751"	"0.038007819"	"0.050090381"	"0.042890558"	"0.043380792"	"0.05223647"	"0.044751811"	"0.046249588"	"0.043209263"	"0.042744974"	"0.045644773"	"0.048473959"	"0.048121151"	"0.062044822"	"0.053167029"	"0.040232245"	"0.035620768"	"0.00594351"	"0.048457253"	"0.035991077"	"0.03917812"	"0.047044233"	"0.04286567"	"0.042320524"	"0.063055089"	"0.043738667"
"CHEBI:72608"	"C22H32O3"	"C(C(O)=O)C/C=CC/C=CC/C=CCC(/C=C/C=CC/C=CCC)O"	"InChI=1S/C22H32O3/c1-2-3-4-5-9-12-15-18-21(23)19-16-13-10-7-6-8-11-14-17-20-22(24)25/h3-4,6-7,9,11-16,18,21,23H,2,5,8,10,17,19-20H2,1H3,(H,24,25)/b4-3-,7-6-,12-9-,14-11-,16-13-,18-15+"	"13-HDoHE"	"343.2"	"281"	"[M-H]-"	"-"	""	"NCBITAXON:http://purl.bioontology.org/ontology/NCBITAXON/9606"	"Homo sapiens"	""	""	""	""	""	""	""	""	""	"10.28688435"	"16.74413725"	"20.35240411"	"14.93855666"	"45.09031525"	"47.65963033"	"36.30239039"	"8.734360494"	"23.38562663"	"33.86785267"	"32.69094269"	"9.624418485"	"17.56634084"	"85.48879467"	"11.13030758"	"33.08479235"	"30.59325789"	"17.75169707"	"10.12018061"	"11.52899515"	"11.09603306"	"6.083127253"	"18.64673656"	"12.3994714"	"19.35795124"	"42.37774671"
"CHEBI:72639"	"C18H32O3"	"C(CCCCCCC/C=CC=CC(CCCCC)O)(=O)O"	"InChI=1S/C18H32O3/c1-2-3-11-14-17(19)15-12-9-7-5-4-6-8-10-13-16-18(20)21/h7,9,12,15,17,19H,2-6,8,10-11,13-14,16H2,1H3,(H,20,21)/b9-7-,15-12+"	"13-HODE"	"295.2"	"195.2"	"[M-H]-"	"-"	""	"NCBITAXON:http://purl.bioontology.org/ontology/NCBITAXON/9606"	"Homo sapiens"	""	""	""	""	""	""	""	""	""	"20.86840971"	"23.79586947"	"6.087122254"	"22.57061932"	"71.53696122"	"74.07970851"	"41.69644421"	"20.34330149"	"41.38836026"	"39.94571507"	"59.33579011"	"11.92002174"	"38.85416706"	"48.98968575"	"10.22331607"	"15.65199907"	"59.21204453"	"56.47839922"	"27.02324451"	"8.238725569"	"14.08792996"	"6.719946181"	"2.7834446"	"9.45715362"	"22.52257484"	"28.12969407"
"CHEBI:91272"	"C18H32O4"	"C(CCCCCCC/C=CC=CC(CCCCC)OO)(=O)O"	"InChI=1S/C18H32O4/c1-2-3-11-14-17(22-21)15-12-9-7-5-4-6-8-10-13-16-18(19)20/h7,9,12,15,17,21H,2-6,8,10-11,13-14,16H2,1H3,(H,19,20)/b9-7-,15-12+"	"13-HpODE"	""	""	"[M-H]-"	"-"	""	"NCBITAXON:http://purl.bioontology.org/ontology/NCBITAXON/9606"	"Homo sapiens"	""	""	""	""	""	""	""	""	""	"1.511889531"	"NA"	"NA"	"NA"	"0.501464228"	"1.0578211"	"3.45205512"	"53.49720904"	"NA"	"NA"	"9.920787991"	"4.231813391"	"2.115930693"	"NA"	"NA"	"1.31251052"	"3.49000043"	"NA"	"16.99118181"	"NA"	"8.487148595"	"NA"	"NA"	"0.583743366"	"NA"	"NA"
"CHEBI:68947"	"C18H30O3"	"C(CCCC(O)=O)CCCC=C/C=C/C(CCCCC)=O"	"InChI=1S/C18H30O3/c1-2-3-11-14-17(19)15-12-9-7-5-4-6-8-10-13-16-18(20)21/h7,9,12,15H,2-6,8,10-11,13-14,16H2,1H3,(H,20,21)/b9-7-,15-12+"	"13-KODE"	"293.2"	"113.1"	"[M-H]-"	"-"	""	"NCBITAXON:http://purl.bioontology.org/ontology/NCBITAXON/9606"	"Homo sapiens"	""	""	""	""	""	""	""	""	""	"1.357009475"	"0.746450603"	"0.299228005"	"1.366469189"	"5.157376299"	"8.731958052"	"2.655233699"	"1.215356113"	"1.665765131"	"0.820313722"	"3.258897365"	"0.450565313"	"1.657164363"	"4.950003622"	"0.587299288"	"1.46559097"	"4.015694664"	"2.155909456"	"1.843614236"	"0.534195879"	"0.80883878"	"0.373363841"	"0.135764623"	"0.488233548"	"2.269854539"	"1.396013346"
"CHEBI:88459"	"C20H32O4"	"C(CCC/C=CC/C=CC/C=CCC(C(C/C=CCC)O)O)(=O)O"	"InChI=1S/C20H32O4/c1-2-3-12-15-18(21)19(22)16-13-10-8-6-4-5-7-9-11-14-17-20(23)24/h3-4,6-7,9-10,12-13,18-19,21-22H,2,5,8,11,14-17H2,1H3,(H,23,24)/b6-4-,9-7-,12-3-,13-10-"	"14,15-DiHETE"	""	""	"[M-H]-"	"-"	""	"NCBITAXON:http://purl.bioontology.org/ontology/NCBITAXON/9606"	"Homo sapiens"	""	""	""	""	""	""	""	""	""	"0.005915585"	"0.008136842"	"0.003801488"	"0.00479223"	"0.019224125"	"0.015061685"	"0.007562816"	"0.005036382"	"0.013977658"	"0.007350597"	"0.006963688"	"0.010845795"	"0.009022194"	"0.008890448"	"0.005447908"	"0.005197262"	"0.007445115"	"0.007359843"	"0.008745528"	"0.005411822"	"0.006255962"	"0.005216506"	"0.002724928"	"0.004498046"	"0.010146706"	"0.006813842"
"CHEBI:63966"	"C20H34O4"	"CCCCCC(O)C(O)CC=C/CC=C/CC=C/CCCC(O)=O"	"InChI=1S/C20H34O4/c1-2-3-12-15-18(21)19(22)16-13-10-8-6-4-5-7-9-11-14-17-20(23)24/h4,6-7,9-10,13,18-19,21-22H,2-3,5,8,11-12,14-17H2,1H3,(H,23,24)/b6-4-,9-7-,13-10-"	"14,15-DiHETrE"	"337.2"	"207.2"	"[M-H]-"	"-"	""	"NCBITAXON:http://purl.bioontology.org/ontology/NCBITAXON/9606"	"Homo sapiens"	""	""	""	""	""	""	""	""	""	"0.139000021"	"0.09362982"	"0.145566945"	"0.076755401"	"0.147434252"	"0.194866454"	"0.108920999"	"0.110024375"	"0.107222067"	"0.116667027"	"0.117053487"	"0.148611651"	"0.152615493"	"0.121741357"	"0.136505089"	"0.106470008"	"0.097432873"	"0.135397789"	"0.110094506"	"0.138957765"	"0.134684917"	"0.108647885"	"0.144129839"	"0.132471826"	"0.116646453"	"0.114713625"
"CHEBI:34157"	"C20H32O3"	"CCCCCC1OC1C\C=C/C\C=C/C\C=C/CCCC(O)=O"	"InChI=1S/C20H32O3/c1-2-3-12-15-18-19(23-18)16-13-10-8-6-4-5-7-9-11-14-17-20(21)22/h4,6-7,9-10,13,18-19H,2-3,5,8,11-12,14-17H2,1H3,(H,21,22)/b6-4-,9-7-,13-10-"	"14,15-EpETrE"	""	""	"[M-H]-"	"-"	""	"NCBITAXON:http://purl.bioontology.org/ontology/NCBITAXON/9606"	"Homo sapiens"	""	""	""	""	""	""	""	""	""	"0.007856029"	"0.004960334"	"0.005068719"	"0.0082078"	"0.011016592"	"0.016727971"	"0.004453395"	"0.005143342"	"0.005156557"	"0.00342873"	"0.010493384"	"0.003015683"	"0.009034323"	"0.007779216"	"0.006957253"	"0.008901389"	"0.008505269"	"0.003844391"	"0.006959435"	"0.005600836"	"0.006457423"	"0.006023898"	"0.007289745"	"0.006769596"	"0.006235296"	"0.006054943"
"CHEBI:72647"	"C22H32O3"	"C(C(O)=O)C/C=CC/C=CCC=C/C=C/C(C/C=CC/C=CCC)O"	"InChI=1S/C22H32O3/c1-2-3-4-5-12-15-18-21(23)19-16-13-10-8-6-7-9-11-14-17-20-22(24)25/h3-4,6-7,10-16,19,21,23H,2,5,8-9,17-18,20H2,1H3,(H,24,25)/b4-3-,7-6-,13-10-,14-11-,15-12-,19-16+"	"14-HDoHE"	"343.2"	"205"	"[M-H]-"	"-"	""	"NCBITAXON:http://purl.bioontology.org/ontology/NCBITAXON/9606"	"Homo sapiens"	""	""	""	""	""	""	""	""	""	"2.939441251"	"5.039715351"	"7.357848199"	"4.826367455"	"14.60701839"	"17.05504254"	"9.745989507"	"2.275030129"	"6.616754713"	"9.213465726"	"7.866283139"	"2.466628004"	"4.435869514"	"33.62695892"	"3.269116578"	"12.04621361"	"8.131645971"	"4.699467543"	"2.496154606"	"3.299077773"	"3.118113231"	"1.603521189"	"7.348758714"	"3.642435318"	"7.159639821"	"14.97132939"
"CHEBI:63999"	"C20H30O3"	"CCCCCC=CC=C1C=C[C@H](O)[C@@H]1CC=C/CCCC(O)=O"	"InChI=1S/C20H30O3/c1-2-3-4-5-6-9-12-17-15-16-19(21)18(17)13-10-7-8-11-14-20(22)23/h6-7,9-10,12,15-16,18-19,21H,2-5,8,11,13-14H2,1H3,(H,22,23)/b9-6+,10-7-,17-12-/t18-,19+/m1/s1"	"15-deoxy-delta-12,14-PGD2"	""	""	"[M-H]-"	"-"	""	"NCBITAXON:http://purl.bioontology.org/ontology/NCBITAXON/9606"	"Homo sapiens"	""	""	""	""	""	""	""	""	""	"0.134557203"	"0.036798753"	"0.012368551"	"0.066732783"	"0.433993742"	"0.718518563"	"0.134249909"	"0.046413499"	"0.090834011"	"0.020888323"	"0.075671992"	"0.029925087"	"0.125472651"	"0.163380296"	"0.060014305"	"0.187217238"	"0.16499552"	"0.059556082"	"0.213874497"	"0.025367848"	"0.082216163"	"0.042358309"	"0.00590645"	"0.087204037"	"0.193773325"	"0.096077945"
"CHEBI:64017"	"C20H32O3"	"CCCCCC(O)C=CC=C/CC=C/CC=C/CCCC(O)=O"	"InChI=1S/C20H32O3/c1-2-3-13-16-19(21)17-14-11-9-7-5-4-6-8-10-12-15-18-20(22)23/h4-5,8-11,14,17,19,21H,2-3,6-7,12-13,15-16,18H2,1H3,(H,22,23)/b5-4-,10-8-,11-9-,17-14+"	"15-HETE"	"319.2"	"219.2"	"[M-H]-"	"-"	""	"NCBITAXON:http://purl.bioontology.org/ontology/NCBITAXON/9606"	"Homo sapiens"	""	""	""	""	""	""	""	""	""	"9.728698849"	"16.20719414"	"4.078939663"	"8.360618748"	"32.12694739"	"21.03431048"	"13.24778895"	"9.53591067"	"15.75528055"	"22.90267522"	"26.13887029"	"8.128907764"	"18.55938086"	"16.00470736"	"8.265207589"	"9.224959195"	"17.58395017"	"19.17609355"	"14.29942874"	"6.412727868"	"7.16429559"	"3.641948034"	"1.650098416"	"6.720985394"	"9.510679898"	"9.046723263"
"CHEBI:15559"	"C20H30O3"	"CCCCCC(=O)C=CC=C/CC=C/CC=C/CCCC(O)=O"	"InChI=1S/C20H30O3/c1-2-3-13-16-19(21)17-14-11-9-7-5-4-6-8-10-12-15-18-20(22)23/h4-5,8-11,14,17H,2-3,6-7,12-13,15-16,18H2,1H3,(H,22,23)/b5-4-,10-8-,11-9-,17-14+"	"15-KETE"	""	""	"[M-H]-"	"-"	""	"NCBITAXON:http://purl.bioontology.org/ontology/NCBITAXON/9606"	"Homo sapiens"	""	""	""	""	""	""	""	""	""	"24.38909508"	"11.1383725"	"2.431919402"	"9.227641217"	"37.76629167"	"43.83683188"	"16.87355368"	"16.79570522"	"16.35195243"	"5.770702567"	"20.70094727"	"6.884625309"	"20.34782648"	"21.33840698"	"7.581773202"	"16.69409177"	"34.06047146"	"12.50033828"	"34.21565578"	"6.848054084"	"6.256012672"	"6.302478542"	"0.811161021"	"8.307220471"	"22.55683895"	"8.848797367"
"CHEBI:28442"	"C20H32O5"	"CCCCCC(=O)C=C[C@H]1[C@H](O)C[C@H](O)[C@@H]1CC=C/CCCC(O)=O"	"InChI=1S/C20H32O5/c1-2-3-6-9-15(21)12-13-17-16(18(22)14-19(17)23)10-7-4-5-8-11-20(24)25/h4,7,12-13,16-19,22-23H,2-3,5-6,8-11,14H2,1H3,(H,24,25)/b7-4-,13-12+/t16-,17-,18+,19-/m1/s1"	"15-keto-PGF2a"	""	""	"[M-H]-"	"-"	""	"NCBITAXON:http://purl.bioontology.org/ontology/NCBITAXON/9606"	"Homo sapiens"	""	""	""	""	""	""	""	""	""	"0.042644687"	"0.124573245"	"NA"	"0.084964818"	"0.376512582"	"0.70223947"	"0.1002184"	"0.082081171"	"0.197041555"	"0.043934852"	"0.086206873"	"0.047446185"	"0.101280411"	"0.223181916"	"0.033990238"	"0.080168228"	"0.112620197"	"0.082944415"	"0.116109405"	"0.024522893"	"0.060380555"	"0.044524977"	"0.003691482"	"0.057355484"	"0.379687751"	"0.128156719"
"CHEBI:88348"	"C20H34O3"	"C(CCC(O)=O)CCC/C=CCC=C/C=C/[C@H](CCCCC)O"	"InChI=1S/C20H34O3/c1-2-3-13-16-19(21)17-14-11-9-7-5-4-6-8-10-12-15-18-20(22)23/h4-5,9,11,14,17,19,21H,2-3,6-8,10,12-13,15-16,18H2,1H3,(H,22,23)/b5-4-,11-9-,17-14+/t19-/m0/s1"	"15S-HETrE"	"321.2"	"221.2"	"[M-H]-"	"-"	""	"NCBITAXON:http://purl.bioontology.org/ontology/NCBITAXON/9606"	"Homo sapiens"	""	""	""	""	""	""	""	""	""	"3.30685104"	"5.67202258"	"1.44111429"	"3.468932725"	"10.85679976"	"9.516594804"	"5.534797046"	"3.381215173"	"8.705190821"	"5.196178227"	"10.95343853"	"4.737338929"	"12.5629108"	"8.295409191"	"2.111502554"	"5.287301241"	"7.494036034"	"7.898344362"	"6.222336931"	"1.830879384"	"2.002497496"	"2.668107175"	"0.872573521"	"3.243712109"	"5.8588939"	"4.712480523"
"CHEBI:72855"	"C22H32O3"	"C(C(O)=O)C/C=CC/C=CC/C=CC/C=CCC1C(C/C=CCC)O1"	"InChI=1S/C22H32O3/c1-2-3-14-17-20-21(25-20)18-15-12-10-8-6-4-5-7-9-11-13-16-19-22(23)24/h3,5-8,11-15,20-21H,2,4,9-10,16-19H2,1H3,(H,23,24)/b7-5-,8-6-,13-11-,14-3-,15-12-"	"16,17-EpDPE"	""	""	"[M-H]-"	"-"	""	"NCBITAXON:http://purl.bioontology.org/ontology/NCBITAXON/9606"	"Homo sapiens"	""	""	""	""	""	""	""	""	""	"5.63E-4"	"5.68E-4"	"4.36E-4"	"NA"	"0.002035375"	"0.003166838"	"0.001837626"	"0.001000481"	"NA"	"NA"	"0.001387573"	"4.38E-4"	"0.001224139"	"NA"	"6.6E-4"	"0.001533533"	"0.00176854"	"4.14E-4"	"9.85E-4"	"6.27E-4"	"0.001046572"	"5.78E-4"	"0.001983022"	"8.81E-4"	"8.36E-4"	"NA"
"CHEBI:72613"	"C22H32O3"	"CCC=C/C=C/C(O)CC=C/CC=C/CC=C/CC=C/CCC(O)=O"	"InChI=1S/C22H32O3/c1-2-3-4-15-18-21(23)19-16-13-11-9-7-5-6-8-10-12-14-17-20-22(24)25/h3-4,6-9,12-16,18,21,23H,2,5,10-11,17,19-20H2,1H3,(H,24,25)/b4-3-,8-6-,9-7-,14-12-,16-13-,18-15+"	"16-HDoHE"	""	""	"[M-H]-"	"-"	""	"NCBITAXON:http://purl.bioontology.org/ontology/NCBITAXON/9606"	"Homo sapiens"	""	""	""	""	""	""	""	""	""	"4.363378106"	"5.549175563"	"1.806241036"	"2.337884638"	"12.12765903"	"9.965721568"	"9.581561793"	"3.448283175"	"7.810335475"	"13.00515674"	"13.89656833"	"3.900614"	"6.739274136"	"3.337363099"	"3.101879315"	"3.497401003"	"12.03480497"	"4.117212311"	"4.575779648"	"2.202275946"	"3.374805734"	"1.701757539"	"0.496334068"	"2.569546178"	"1.872096125"	"3.50174077"
"CHEBI:88349"	"C20H32O4"	"O=C(CCC/C=CC/C=CC/C=CC/C=CCC(C(CC)O)O)O"	"InChI=1S/C20H32O4/c1-2-18(21)19(22)16-14-12-10-8-6-4-3-5-7-9-11-13-15-17-20(23)24/h3,5-6,8-9,11-12,14,18-19,21-22H,2,4,7,10,13,15-17H2,1H3,(H,23,24)/b5-3-,8-6-,11-9-,14-12-"	"17,18-DiHETE"	"335.2"	"247.2"	"[M-H]-"	"-"	""	"NCBITAXON:http://purl.bioontology.org/ontology/NCBITAXON/9606"	"Homo sapiens"	""	""	""	""	""	""	""	""	""	"0.016601985"	"0.010910055"	"0.015501752"	"0.005357583"	"0.061477049"	"0.024413019"	"0.02422187"	"0.011613803"	"0.024090757"	"0.021868789"	"0.02451155"	"0.039066285"	"0.029014564"	"0.012841003"	"0.022287134"	"0.013731334"	"0.015630022"	"0.01288326"	"0.018457544"	"0.014073942"	"0.016373041"	"0.018383622"	"0.022198227"	"0.011761223"	"0.027287377"	"0.012601007"
"CHEBI:72637"	"C22H32O3"	"OC(CC/C=CC/C=CC/C=CC/C=CC=CC(C/C=CCC)O)=O"	"InChI=1S/C22H32O3/c1-2-3-15-18-21(23)19-16-13-11-9-7-5-4-6-8-10-12-14-17-20-22(24)25/h3,5-8,11-16,19,21,23H,2,4,9-10,17-18,20H2,1H3,(H,24,25)/b7-5-,8-6-,13-11-,14-12-,15-3-,19-16+"	"17-HDoHE"	""	""	"[M-H]-"	"-"	""	"NCBITAXON:http://purl.bioontology.org/ontology/NCBITAXON/9606"	"Homo sapiens"	""	""	""	""	""	""	""	""	""	"3.947232491"	"4.84794406"	"2.314097563"	"1.70020771"	"13.16469575"	"8.708767567"	"9.903170441"	"3.360931331"	"7.505522506"	"13.83045318"	"16.24453539"	"3.395029571"	"6.063617009"	"2.662779708"	"2.600133818"	"3.324263024"	"10.66199315"	"4.755541097"	"3.81946564"	"2.447789646"	"3.810747125"	"1.823615437"	"0.458553876"	"2.883093965"	"1.900950005"	"3.232725219"
"CHEBI:72802"	"C20H30O3"	"C(CC)(/C=C/C=CC/C=CC/C=CC/C=CCCCC(=O)O)O"	"InChI=1S/C20H30O3/c1-2-19(21)17-15-13-11-9-7-5-3-4-6-8-10-12-14-16-18-20(22)23/h4-7,10-13,15,17,19,21H,2-3,8-9,14,16,18H2,1H3,(H,22,23)/b6-4-,7-5-,12-10-,13-11-,17-15+"	"18-HEPE"	""	""	"[M-H]-"	"-"	""	"NCBITAXON:http://purl.bioontology.org/ontology/NCBITAXON/9606"	"Homo sapiens"	""	""	""	""	""	""	""	""	""	"0.156437717"	"0.199498993"	"0.031870264"	"NA"	"0.591147231"	"0.502890186"	"0.72869069"	"0.125618816"	"0.163636375"	"0.403958988"	"0.808587471"	"0.07313639"	"0.321194747"	"0.246686054"	"0.163418191"	"0.193679519"	"0.263156884"	"0.134282929"	"0.12747928"	"0.082155726"	"0.116207355"	"0.072082705"	"NA"	"0.093982225"	"0.033360854"	"0.12244608"
"CHEBI:72657"	"C22H34O4"	"CCC(O)C(O)CC=C/CC=C/CC=C/CC=C/CC=C/CCC(O)=O"	"InChI=1S/C22H34O4/c1-2-20(23)21(24)18-16-14-12-10-8-6-4-3-5-7-9-11-13-15-17-19-22(25)26/h3-4,7-10,13-16,20-21,23-24H,2,5-6,11-12,17-19H2,1H3,(H,25,26)/b4-3-,9-7-,10-8-,15-13-,16-14-"	"19,20-DiHDPA"	"361.2"	"273.3"	"[M-H]-"	"-"	""	"NCBITAXON:http://purl.bioontology.org/ontology/NCBITAXON/9606"	"Homo sapiens"	""	""	""	""	""	""	""	""	""	"0.053585832"	"0.042596747"	"0.065859611"	"0.029473552"	"0.165916455"	"0.0647004"	"0.056999813"	"0.038187969"	"0.095343125"	"0.070187019"	"0.066838992"	"0.074794614"	"0.073466277"	"0.059658432"	"0.072131097"	"0.058207971"	"0.059700846"	"0.066940531"	"0.057497385"	"0.038713952"	"0.064022754"	"0.057780385"	"0.06974212"	"0.063046504"	"0.047724161"	"0.06444996"
"CHEBI:72653"	"C22H32O3"	"C(C(O)=O)C/C=CC/C=CC/C=CC/C=CC/C=CCC1C(CC)O1"	"InChI=1S/C22H32O3/c1-2-20-21(25-20)18-16-14-12-10-8-6-4-3-5-7-9-11-13-15-17-19-22(23)24/h3-4,7-10,13-16,20-21H,2,5-6,11-12,17-19H2,1H3,(H,23,24)/b4-3-,9-7-,10-8-,15-13-,16-14-"	"19,20-EpDPE"	"343.2"	"281.3"	"[M-H]-"	"-"	""	"NCBITAXON:http://purl.bioontology.org/ontology/NCBITAXON/9606"	"Homo sapiens"	""	""	""	""	""	""	""	""	""	"6.7326724"	"13.52725607"	"4.245201326"	"4.523807121"	"13.64961135"	"17.74676388"	"13.98591574"	"6.54690686"	"14.62682227"	"16.1926924"	"17.54953082"	"8.529117567"	"5.49196358"	"6.665690381"	"5.239898638"	"6.062097717"	"8.541034336"	"7.487847784"	"4.42348043"	"2.873038447"	"9.196174498"	"4.484151966"	"0.788344198"	"6.508966797"	"3.425021755"	"10.30327529"
"CHEBI:27562"	"C20H30O6"	"O[C@@H](CCCC(O)=O)C=C/C=C/C=C/[C@H](O)CC=C/CCCCC(O)=O"	"InChI=1S/C20H30O6/c21-17(11-6-2-1-3-9-15-19(23)24)12-7-4-5-8-13-18(22)14-10-16-20(25)26/h2,4-8,12-13,17-18,21-22H,1,3,9-11,14-16H2,(H,23,24)(H,25,26)/b5-4+,6-2-,12-7+,13-8-/t17-,18-/m1/s1"	"20-carboxy-LTB4"	""	""	"[M-H]-"	"-"	""	"NCBITAXON:http://purl.bioontology.org/ontology/NCBITAXON/9606"	"Homo sapiens"	""	""	""	""	""	""	""	""	""	"0.026495617"	"0.095687656"	"0.053390715"	"0.17233588"	"0.183260443"	"0.242448763"	"0.032715243"	"0.020430167"	"0.033474661"	"0.052084201"	"0.066305192"	"NA"	"0.050961223"	"0.128110379"	"0.021629231"	"0.054807746"	"0.046763248"	"0.046385728"	"0.062056778"	"NA"	"NA"	"NA"	"NA"	"0.184649207"	"0.049272334"	"0.060278557"
"CHEBI:72615"	"C22H32O3"	"CCC(O)C=CC=C/CC=C/CC=C/CC=C/CC=C/CCC(O)=O"	"InChI=1S/C22H32O3/c1-2-21(23)19-17-15-13-11-9-7-5-3-4-6-8-10-12-14-16-18-20-22(24)25/h3-4,7-10,13-17,19,21,23H,2,5-6,11-12,18,20H2,1H3,(H,24,25)/b4-3-,9-7-,10-8-,15-13-,16-14-,19-17+"	"20-HDoHE"	"343.2"	"299"	"[M-H]-"	"-"	""	"NCBITAXON:http://purl.bioontology.org/ontology/NCBITAXON/9606"	"Homo sapiens"	""	""	""	""	""	""	""	""	""	"1.633355163"	"2.149002801"	"0.847171297"	"1.239374857"	"4.925032498"	"4.263492189"	"3.358662188"	"1.482045531"	"2.752895941"	"4.608594859"	"6.064771731"	"1.509083552"	"3.107005756"	"2.907030383"	"1.136842781"	"1.933940504"	"3.540934737"	"2.225078624"	"2.224129205"	"0.966904796"	"1.501868369"	"0.744877367"	"0.430701319"	"1.339238387"	"1.056538673"	"1.646416856"
"CHEBI:15646"	"C20H32O5"	"OCCCCCC=C/C[C@@H](O)C=CC=CC=C/[C@@H](O)CCCC(O)=O"	"InChI=1S/C20H32O5/c21-17-10-6-2-1-3-7-12-18(22)13-8-4-5-9-14-19(23)15-11-16-20(24)25/h3-5,7-9,13-14,18-19,21-23H,1-2,6,10-12,15-17H2,(H,24,25)/b5-4+,7-3-,13-8+,14-9-/t18-,19-/m1/s1"	"20-hydroxy-LTB4"	""	""	"[M-H]-"	"-"	""	"NCBITAXON:http://purl.bioontology.org/ontology/NCBITAXON/9606"	"Homo sapiens"	""	""	""	""	""	""	""	""	""	"0.008718353"	"0.01269022"	"NA"	"0.015449291"	"0.041720239"	"0.0178258"	"NA"	"NA"	"NA"	"0.005351391"	"NA"	"NA"	"0.018544562"	"NA"	"0.005951081"	"NA"	"0.006408541"	"NA"	"9.31E-4"	"NA"	"NA"	"0.004735858"	"0.004145464"	"0.046914707"	"NA"	"0.013245798"
"CHEBI:137370"	"C20H32O6"	"C([C@H]1[C@@H](CC([C@@H]1C/C=CCCCC(O)=O)=O)O)=C/[C@H](CCCCCO)O"	"InChI=1S/C20H32O6/c21-13-7-3-4-8-15(22)11-12-17-16(18(23)14-19(17)24)9-5-1-2-6-10-20(25)26/h1,5,11-12,15-17,19,21-22,24H,2-4,6-10,13-14H2,(H,25,26)/b5-1-,12-11+/t15-,16+,17+,19+/m0/s1"	"20-hydroxy-PGE2"	""	""	"[M-H]-"	"-"	""	"NCBITAXON:http://purl.bioontology.org/ontology/NCBITAXON/9606"	"Homo sapiens"	""	""	""	""	""	""	""	""	""	"0.007039559"	"0.012068887"	"0.001995547"	"0.015654289"	"0.02461454"	"0.033025184"	"0.007725139"	"0.005267669"	"0.010048304"	"0.00262143"	"0.00776912"	"0.001764431"	"0.00396291"	"0.016521032"	"0.001208225"	"0.011028795"	"0.007772868"	"0.007140698"	"0.009849249"	"0.001935902"	"0.009757126"	"0.006030328"	"6.48E-4"	"0.009460711"	"0.020349586"	"0.007890563"
"CHEBI:72624"	"C22H32O3"	"CCC=C/CC=C/CC=C/CC=C/CC=C/C=C/C(O)CCC(O)=O"	"InChI=1S/C22H32O3/c1-2-3-4-5-6-7-8-9-10-11-12-13-14-15-16-17-18-21(23)19-20-22(24)25/h3-4,6-7,9-10,12-13,15-18,21,23H,2,5,8,11,14,19-20H2,1H3,(H,24,25)/b4-3-,7-6-,10-9-,13-12-,16-15-,18-17+"	"4-HDoHE"	""	""	"[M-H]-"	"-"	""	"NCBITAXON:http://purl.bioontology.org/ontology/NCBITAXON/9606"	"Homo sapiens"	""	""	""	""	""	""	""	""	""	"33.99187415"	"61.10621144"	"19.89646696"	"20.59336165"	"63.9885133"	"87.32016989"	"74.4612132"	"28.81594108"	"72.0511463"	"73.06949793"	"69.96138135"	"45.18199934"	"26.22849262"	"32.04876143"	"25.23802891"	"27.53799863"	"40.08086764"	"36.44666364"	"20.70327528"	"15.19567295"	"44.77487908"	"20.63002419"	"2.927879962"	"33.23713716"	"15.55929051"	"49.94453538"
"CHEBI:63974"	"C20H34O4"	"CCCCCC=C/CC=C/CC=C/CC(O)C(O)CCCC(O)=O"	"InChI=1S/C20H34O4/c1-2-3-4-5-6-7-8-9-10-11-12-13-15-18(21)19(22)16-14-17-20(23)24/h6-7,9-10,12-13,18-19,21-22H,2-5,8,11,14-17H2,1H3,(H,23,24)/b7-6-,10-9-,13-12-"	"5,6-DiHETrE"	"337.2"	"145.1"	"[M-H]-"	"-"	""	"NCBITAXON:http://purl.bioontology.org/ontology/NCBITAXON/9606"	"Homo sapiens"	""	""	""	""	""	""	""	""	""	"0.009487457"	"0.017916576"	"0.012483638"	"0.008228692"	"0.04424785"	"0.061931365"	"0.01349613"	"0.007036481"	"0.023637058"	"0.047068854"	"0.007596638"	"0.04805401"	"0.033891091"	"0.048760809"	"0.05451981"	"0.077049738"	"0.077675865"	"0.03130019"	"0.063190815"	"0.06480998"	"0.038157465"	"0.067143129"	"0.066606161"	"0.051021817"	"0.043939642"	"0.040276681"
"CHEBI:131992"	"C20H31O3-"	"C(CCC)C/C=CC/C=CC/C=CCC1C(CCCC([O-])=O)O1"	"InChI=1S/C20H32O3/c1-2-3-4-5-6-7-8-9-10-11-12-13-15-18-19(23-18)16-14-17-20(21)22/h6-7,9-10,12-13,18-19H,2-5,8,11,14-17H2,1H3,(H,21,22)/p-1/b7-6-,10-9-,13-12-"	"5,6-EpETrE"	""	""	"[M-H]-"	"-"	""	"NCBITAXON:http://purl.bioontology.org/ontology/NCBITAXON/9606"	"Homo sapiens"	""	""	""	""	""	""	""	""	""	"0.003672199"	"0.003045488"	"0.002605773"	"0.003252264"	"0.006527357"	"0.009755382"	"0.003011702"	"7.88E-4"	"0.003021681"	"0.001889727"	"0.004836776"	"0.001117372"	"0.003537011"	"0.003651932"	"0.002348012"	"0.005182588"	"0.003414686"	"0.002664745"	"0.003861893"	"0.004063633"	"0.003260622"	"0.003070521"	"0.006221338"	"0.002491926"	"0.003444341"	"0.003192375"
"CHEBI:60943"	"C20H32O3"	"CCCCCC=C/CC=C/CC=C/C=C/C(O)CCCC(O)=O"	"InChI=1S/C20H32O3/c1-2-3-4-5-6-7-8-9-10-11-12-13-14-16-19(21)17-15-18-20(22)23/h6-7,9-10,12-14,16,19,21H,2-5,8,11,15,17-18H2,1H3,(H,22,23)/b7-6-,10-9-,13-12-,16-14+"	"5-HETE"	"319.2"	"115.1"	"[M-H]-"	"-"	""	"NCBITAXON:http://purl.bioontology.org/ontology/NCBITAXON/9606"	"Homo sapiens"	""	""	""	""	""	""	""	""	""	"113.1818449"	"136.5637374"	"40.42824119"	"93.76433836"	"150.9912962"	"157.3296994"	"103.2376652"	"122.7754191"	"141.7055878"	"135.0879435"	"144.1707155"	"120.6050818"	"140.0457008"	"94.7400499"	"102.335811"	"103.2044814"	"114.1233139"	"117.8112129"	"139.3317383"	"64.23161791"	"95.65141223"	"74.12620806"	"9.756007551"	"105.86106"	"57.41353231"	"86.77095746"
"CHEBI:72856"	"C20H34O3"	"C(CCC(O)=O)C(/C=C/C=CC/C=CCCCCCCCC)O"	"InChI=1S/C20H34O3/c1-2-3-4-5-6-7-8-9-10-11-12-13-14-16-19(21)17-15-18-20(22)23/h9-10,12-14,16,19,21H,2-8,11,15,17-18H2,1H3,(H,22,23)/b10-9-,13-12-,16-14+"	"5-HETrE"	"321.2"	"221.2"	"[M-H]-"	"-"	""	"NCBITAXON:http://purl.bioontology.org/ontology/NCBITAXON/9606"	"Homo sapiens"	""	""	""	""	""	""	""	""	""	"3.536920919"	"9.212528906"	"1.23223725"	"2.863275075"	"4.587334894"	"10.1977315"	"4.402710653"	"3.568087838"	"7.798110516"	"7.493521667"	"5.308671544"	"8.694461136"	"4.343264421"	"3.4085562"	"5.181161417"	"6.998006852"	"2.183522175"	"7.088147552"	"6.199224776"	"5.990184451"	"3.678293359"	"5.779070718"	"0.537827445"	"5.971006428"	"2.807382818"	"2.755168429"
"CHEBI:140933"	"C20H34O5"	"C(O)(=O)CCCC(/C=C/[C@H]1[C@H]([C@@H](C[C@@H]1O)O)C/C=C\CCCCC)O"	"InChI=1S/C20H34O5/c1-2-3-4-5-6-7-10-16-17(19(23)14-18(16)22)13-12-15(21)9-8-11-20(24)25/h6-7,12-13,15-19,21-23H,2-5,8-11,14H2,1H3,(H,24,25)/b7-6-,13-12+/t15?,16-,17+,18-,19+/m1/s1"	"5-iPF2a-VI"	""	""	"[M-H]-"	"-"	""	"NCBITAXON:http://purl.bioontology.org/ontology/NCBITAXON/9606"	"Homo sapiens"	""	""	""	""	""	""	""	""	""	"1.047106093"	"1.897484555"	"0.353660958"	"2.514343175"	"4.258142063"	"7.153719456"	"1.629483433"	"0.869811794"	"2.485787849"	"1.388902145"	"1.335038653"	"0.940426234"	"1.179341693"	"4.164677575"	"0.950929715"	"1.843352182"	"1.499773301"	"1.726513879"	"1.753858864"	"0.664910484"	"1.690155596"	"0.706771705"	"0.225722588"	"1.226913749"	"3.128358769"	"1.873149043"
"CHEBI:52449"	"C20H30O3"	"CCCCC\C=C/C\C=C/C\C=C/C=C/C(=O)CCCC(O)=O"	"InChI=1S/C20H30O3/c1-2-3-4-5-6-7-8-9-10-11-12-13-14-16-19(21)17-15-18-20(22)23/h6-7,9-10,12-14,16H,2-5,8,11,15,17-18H2,1H3,(H,22,23)/b7-6-,10-9-,13-12-,16-14+"	"5-KETE"	""	""	"[M-H]-"	"-"	""	"NCBITAXON:http://purl.bioontology.org/ontology/NCBITAXON/9606"	"Homo sapiens"	""	""	""	""	""	""	""	""	""	"54.3575079"	"7.811981296"	"1.978371783"	"6.873497912"	"35.93961503"	"42.5677154"	"21.07738764"	"25.24622416"	"16.68610737"	"4.161020212"	"23.22914197"	"13.10868463"	"46.14962061"	"6.93842668"	"10.75323317"	"13.93462416"	"31.09155332"	"4.805305405"	"38.69270639"	"6.96531551"	"9.892321226"	"28.0717125"	"0.953571075"	"28.62979987"	"5.116240326"	"8.338736439"
"CHEBI:6499"	"C20H32O5"	"CCCCC[C@H](O)[C@H](O)C=CC=CC=C/C=C/[C@@H](O)CCCC(O)=O"	"InChI=1S/C20H32O5/c1-2-3-8-14-18(22)19(23)15-10-7-5-4-6-9-12-17(21)13-11-16-20(24)25/h4-7,9-10,12,15,17-19,21-23H,2-3,8,11,13-14,16H2,1H3,(H,24,25)/b6-4-,7-5+,12-9+,15-10+/t17-,18+,19-/m1/s1"	"5S,14R-Lipoxin B4"	""	""	"[M-H]-"	"-"	""	"NCBITAXON:http://purl.bioontology.org/ontology/NCBITAXON/9606"	"Homo sapiens"	""	""	""	""	""	""	""	""	""	"0.194411337"	"0.814979381"	"0.024032443"	"0.268814926"	"1.154519503"	"1.763944589"	"0.662578106"	"0.452757128"	"1.114413517"	"0.585247133"	"0.705097944"	"0.332852608"	"0.511771595"	"0.346360757"	"0.143136953"	"0.133577527"	"0.581079647"	"0.603836534"	"0.505193212"	"0.10646294"	"0.391764181"	"0.148930148"	"0.007238386"	"0.263374247"	"0.257303356"	"0.458874165"
"CHEBI:91286"	"C20H32O4"	"C(CCC[C@@H](/C=C/C=CC/C=CC=C[C@H](CCCCC)O)O)(O)=O"	"InChI=1S/C20H32O4/c1-2-3-9-13-18(21)14-10-7-5-4-6-8-11-15-19(22)16-12-17-20(23)24/h5-8,10-11,14-15,18-19,21-22H,2-4,9,12-13,16-17H2,1H3,(H,23,24)/b7-5-,8-6-,14-10+,15-11+/t18-,19+/m0/s1"	"5S,15S-DiHETE"	""	""	"[M-H]-"	"-"	""	"NCBITAXON:http://purl.bioontology.org/ontology/NCBITAXON/9606"	"Homo sapiens"	""	""	""	""	""	""	""	""	""	"4.0948114"	"7.371014548"	"0.701550727"	"4.614368804"	"11.70737679"	"13.47120019"	"6.392897212"	"4.154124433"	"8.896849919"	"5.108426693"	"6.505365769"	"4.093621691"	"5.898350737"	"4.601228002"	"2.420820977"	"4.722780027"	"6.169104528"	"6.151360149"	"6.595293143"	"1.905406836"	"5.134862398"	"2.243169385"	"0.259991302"	"4.656455401"	"2.871030073"	"5.587574044"
"CHEBI:6498"	"C20H32O5"	"CCCCC[C@H](O)C=CC=C/C=C/C=C/[C@@H](O)[C@@H](O)CCCC(O)=O"	"InChI=1S/C20H32O5/c1-2-3-8-12-17(21)13-9-6-4-5-7-10-14-18(22)19(23)15-11-16-20(24)25/h4-7,9-10,13-14,17-19,21-23H,2-3,8,11-12,15-16H2,1H3,(H,24,25)/b6-4-,7-5+,13-9+,14-10+/t17-,18+,19-/m0/s1"	"5S,6R-LipoxinA4"	""	""	"[M-H]-"	"-"	""	"NCBITAXON:http://purl.bioontology.org/ontology/NCBITAXON/9606"	"Homo sapiens"	""	""	""	""	""	""	""	""	""	"2.50419293"	"4.652101191"	"0.394259807"	"2.982174315"	"7.722445379"	"9.870324384"	"3.891820713"	"2.339220337"	"4.496305543"	"2.2911811"	"3.234313216"	"2.268109112"	"2.629405975"	"3.148662536"	"1.632376166"	"2.758470838"	"3.347948883"	"3.038753302"	"3.473578535"	"1.245586722"	"3.238994478"	"1.447465897"	"0.209448384"	"2.43268405"	"3.152207443"	"3.836373293"
"CHEBI:53026"	"C20H32O4"	"C(C=CC=C/C/C=CCCCCC)=C/[C@@H]([C@H](CCCC(O)=O)O)O"	"InChI=1S/C20H32O4/c1-2-3-4-5-6-7-8-9-10-11-12-13-15-18(21)19(22)16-14-17-20(23)24/h6-7,9-13,15,18-19,21-22H,2-5,8,14,16-17H2,1H3,(H,23,24)/b7-6-,10-9-,12-11+,15-13+/t18-,19-/m0/s1"	"5S,6S-DiHETE"	""	""	"[M-H]-"	"-"	""	"NCBITAXON:http://purl.bioontology.org/ontology/NCBITAXON/9606"	"Homo sapiens"	""	""	""	""	""	""	""	""	""	"0.056722994"	"0.31562334"	"0.0144309"	"0.106517454"	"0.373867428"	"0.323981116"	"0.179844451"	"0.087967936"	"0.704124919"	"0.590115509"	"0.236902064"	"0.048864352"	"0.113728957"	"0.043539281"	"0.042886006"	"0.073729561"	"0.27064918"	"0.451138968"	"0.125600987"	"0.100461562"	"0.248772486"	"0.036874888"	"0.004948515"	"0.220307184"	"0.05773081"	"0.218160503"
"CHEBI:63990"	"C20H32O5"	"CCCCC[C@H](O)C=CC=C/C=C/C=C/[C@H](O)[C@@H](O)CCCC(O)=O"	"InChI=1S/C20H32O5/c1-2-3-8-12-17(21)13-9-6-4-5-7-10-14-18(22)19(23)15-11-16-20(24)25/h4-7,9-10,13-14,17-19,21-23H,2-3,8,11-12,15-16H2,1H3,(H,24,25)/b6-4-,7-5+,13-9+,14-10+/t17-,18-,19-/m0/s1"	"5S,6S-Lipoxin A4"	""	""	"[M-H]-"	"-"	""	"NCBITAXON:http://purl.bioontology.org/ontology/NCBITAXON/9606"	"Homo sapiens"	""	""	""	""	""	""	""	""	""	"1.699924011"	"3.851892278"	"0.30001835"	"1.948642534"	"6.737532785"	"9.649285672"	"2.973444316"	"2.032262305"	"4.124500882"	"1.863684197"	"2.960970723"	"1.659301228"	"1.82470123"	"2.078648761"	"1.183148701"	"1.902596704"	"2.783717839"	"2.56038058"	"2.290487858"	"0.928031498"	"2.501770415"	"1.084523398"	"0.125183635"	"1.716031087"	"2.311538504"	"3.015703263"
"CHEBI:140934"	"C20H30O3"	"C(=C\C=C\[C@H](CCCC(O)=O)O)\C/C=C\C/C=C\C/C=C\CC"	"InChI=1S/C20H30O3/c1-2-3-4-5-6-7-8-9-10-11-12-13-14-16-19(21)17-15-18-20(22)23/h3-4,6-7,9-10,12-14,16,19,21H,2,5,8,11,15,17-18H2,1H3,(H,22,23)/b4-3-,7-6-,10-9-,13-12-,16-14+/t19-/m1/s1"	"5S-HEPE"	""	""	"[M-H]-"	"-"	""	"NCBITAXON:http://purl.bioontology.org/ontology/NCBITAXON/9606"	"Homo sapiens"	""	""	""	""	""	""	""	""	""	"4.277812913"	"7.055474985"	"1.865510329"	"1.135344606"	"11.72287909"	"18.16149427"	"19.62321696"	"4.574565727"	"4.502078033"	"11.47768956"	"25.30426411"	"5.069441044"	"7.094241497"	"3.880740192"	"4.834043307"	"6.224326661"	"5.555021892"	"2.57986079"	"2.929317269"	"1.637887788"	"5.832070282"	"3.496687445"	"0.418194063"	"4.817014039"	"0.560395227"	"4.134008415"
"CHEBI:28158"	"C20H34O6"	"CCCCC[C@H](O)C=C[C@H]1[C@H](O)C[C@H](O)[C@@H]1CC(=O)CCCCC(O)=O"	"InChI=1S/C20H34O6/c1-2-3-4-7-14(21)10-11-16-17(19(24)13-18(16)23)12-15(22)8-5-6-9-20(25)26/h10-11,14,16-19,21,23-24H,2-9,12-13H2,1H3,(H,25,26)/b11-10+/t14-,16+,17+,18+,19-/m0/s1"	"6-keto-PGF1a"	""	""	"[M-H]-"	"-"	""	"NCBITAXON:http://purl.bioontology.org/ontology/NCBITAXON/9606"	"Homo sapiens"	""	""	""	""	""	""	""	""	""	"0.081478688"	"0.216663638"	"0.058725689"	"0.345172437"	"0.461203233"	"0.531298738"	"0.410863903"	"0.279039622"	"0.090537607"	"0.110513372"	"0.094792573"	"0.084649683"	"0.052353732"	"0.456287694"	"0.028548744"	"0.308680662"	"0.044837084"	"0.082739093"	"0.081050796"	"0.022153383"	"0.370072488"	"0.170377509"	"1.386718508"	"0.052183612"	"0.668418047"	"0.154878006"
"CHEBI:63981"	"C20H32O4"	"CCCCCC=C/C[C@@H](O)C=CC=CC=C[C@@H](O)CCCC(O)=O"	"InChI=1S/C20H32O4/c1-2-3-4-5-6-9-13-18(21)14-10-7-8-11-15-19(22)16-12-17-20(23)24/h6-11,14-15,18-19,21-22H,2-5,12-13,16-17H2,1H3,(H,23,24)/b8-7+,9-6-,14-10+,15-11+/t18-,19-/m1/s1"	"6-trans-LTB4"	""	""	"[M-H]-"	"-"	""	"NCBITAXON:http://purl.bioontology.org/ontology/NCBITAXON/9606"	"Homo sapiens"	""	""	""	""	""	""	""	""	""	"4.281203395"	"9.611560352"	"0.570166512"	"3.673458505"	"14.84242113"	"17.86717196"	"7.858759159"	"5.855081101"	"12.36295467"	"6.200899494"	"8.666897416"	"3.206831625"	"6.503052605"	"2.81038561"	"2.663010469"	"3.626615545"	"8.323384884"	"6.41943307"	"8.134685687"	"2.03066207"	"5.287468687"	"1.525929694"	"0.142591209"	"4.800754347"	"3.00271461"	"6.196281961"
"CHEBI:72623"	"C22H32O3"	"C(C(O)=O)C/C=CCC(/C=C/C=CC/C=CC/C=CC/C=CCC)O"	"InChI=1S/C22H32O3/c1-2-3-4-5-6-7-8-9-10-11-12-13-15-18-21(23)19-16-14-17-20-22(24)25/h3-4,6-7,9-10,12-16,18,21,23H,2,5,8,11,17,19-20H2,1H3,(H,24,25)/b4-3-,7-6-,10-9-,13-12-,16-14-,18-15+"	"7-HDoHE"	""	""	"[M-H]-"	"-"	""	"NCBITAXON:http://purl.bioontology.org/ontology/NCBITAXON/9606"	"Homo sapiens"	""	""	""	""	""	""	""	""	""	"3.183005056"	"4.141309947"	"2.235798838"	"2.097185409"	"10.26366542"	"9.481383301"	"9.830729489"	"2.698899292"	"7.120493625"	"13.73677277"	"14.70863735"	"3.384654833"	"4.704309591"	"2.987935651"	"2.492378932"	"2.75681873"	"9.107462876"	"4.439139766"	"3.461629682"	"2.204484842"	"3.18906784"	"1.788075369"	"0.320645596"	"3.224911048"	"1.780924065"	"3.501676012"
"CHEBI:63970"	"C20H34O4"	"CCCCCC=C/CC=C/CC(O)C(O)CC=C/CCCC(O)=O"	"InChI=1S/C20H34O4/c1-2-3-4-5-6-7-8-9-12-15-18(21)19(22)16-13-10-11-14-17-20(23)24/h6-7,9-10,12-13,18-19,21-22H,2-5,8,11,14-17H2,1H3,(H,23,24)/b7-6-,12-9-,13-10-"	"8,9-DiHETrE"	"337.2"	"127"	"[M-H]-"	"-"	""	"NCBITAXON:http://purl.bioontology.org/ontology/NCBITAXON/9606"	"Homo sapiens"	""	""	""	""	""	""	""	""	""	"0.011854262"	"0.009787165"	"0.022684096"	"0.007659779"	"0.039267017"	"0.023923454"	"0.015968965"	"0.009806668"	"0.03232055"	"0.042276269"	"0.01086043"	"0.036170201"	"0.043064701"	"0.040123648"	"0.034422726"	"0.03820191"	"0.038264755"	"0.055377318"	"0.035165236"	"0.04694696"	"0.040551427"	"0.039227121"	"0.083110741"	"0.043798326"	"0.055005028"	"0.033776234"
"CHEBI:34490"	"C20H32O3"	"CCCCC\C=C/C\C=C/CC1OC1C\C=C/CCCC(O)=O"	"InChI=1S/C20H32O3/c1-2-3-4-5-6-7-8-9-12-15-18-19(23-18)16-13-10-11-14-17-20(21)22/h6-7,9-10,12-13,18-19H,2-5,8,11,14-17H2,1H3,(H,21,22)/b7-6-,12-9-,13-10-"	"8,9-EpETrE"	""	""	"[M-H]-"	"-"	""	"NCBITAXON:http://purl.bioontology.org/ontology/NCBITAXON/9606"	"Homo sapiens"	""	""	""	""	""	""	""	""	""	"0.004996031"	"0.00356589"	"0.00339005"	"0.002478127"	"0.009824065"	"0.01530047"	"0.003747346"	"0.002127947"	"0.004333185"	"0.007133126"	"0.006312355"	"0.003950687"	"0.006866671"	"0.00914301"	"0.004323534"	"0.00765825"	"0.005600724"	"0.007236695"	"0.00833913"	"0.009988511"	"0.004572349"	"0.00564848"	"0.006176649"	"0.006234464"	"0.010608519"	"0.006926405"
"CHEBI:72610"	"C22H32O3"	"CCC=C/CC=C/CC=C/CC=C/CC(O)C=CC=C/CCC(O)=O"	"InChI=1S/C22H32O3/c1-2-3-4-5-6-7-8-9-10-11-12-15-18-21(23)19-16-13-14-17-20-22(24)25/h3-4,6-7,9-10,12-16,19,21,23H,2,5,8,11,17-18,20H2,1H3,(H,24,25)/b4-3-,7-6-,10-9-,14-13-,15-12-,19-16+"	"8_HDoHE"	""	""	"[M-H]-"	"-"	""	"NCBITAXON:http://purl.bioontology.org/ontology/NCBITAXON/9606"	"Homo sapiens"	""	""	""	""	""	""	""	""	""	"2.011852472"	"3.115205794"	"1.136633132"	"1.548418022"	"6.828463674"	"5.731081977"	"5.535118742"	"2.155874964"	"4.85677021"	"8.254115558"	"8.467272246"	"2.320601907"	"4.210121742"	"2.45675901"	"1.437136875"	"2.215416085"	"5.648633913"	"3.372490222"	"2.512303181"	"1.268139456"	"2.109525103"	"1.181580692"	"0.538890976"	"2.266956459"	"1.314456731"	"2.023637616"
"CHEBI:72643"	"C20H32O3"	"CCCCCC=C/CC=C/C=C/C(O)CC=C/CCCC(O)=O"	"InChI=1S/C20H32O3/c1-2-3-4-5-6-7-8-9-10-13-16-19(21)17-14-11-12-15-18-20(22)23/h6-7,9-11,13-14,16,19,21H,2-5,8,12,15,17-18H2,1H3,(H,22,23)/b7-6-,10-9-,14-11-,16-13+"	"8-HETE"	""	""	"[M-H]-"	"-"	""	"NCBITAXON:http://purl.bioontology.org/ontology/NCBITAXON/9606"	"Homo sapiens"	""	""	""	""	""	""	""	""	""	"2.968715834"	"5.063624675"	"1.363228191"	"1.94424864"	"7.751120193"	"5.777336539"	"3.799694789"	"3.313571239"	"5.486002635"	"8.436224827"	"9.453463188"	"2.456609276"	"5.198069426"	"1.974707005"	"1.830419982"	"2.378704106"	"5.614814695"	"5.397936499"	"4.469353389"	"2.068234175"	"2.256638877"	"1.150000638"	"0.443400059"	"2.278315203"	"1.811667045"	"1.812038183"
"CHEBI:72866"	"C20H34O3"	"CCCCCC=C/CC=C/C=C/C(O)CCCCCCC(O)=O"	"InChI=1S/C20H34O3/c1-2-3-4-5-6-7-8-9-10-13-16-19(21)17-14-11-12-15-18-20(22)23/h6-7,9-10,13,16,19,21H,2-5,8,11-12,14-15,17-18H2,1H3,(H,22,23)/b7-6-,10-9-,16-13+"	"8-HETrE"	""	""	"[M-H]-"	"-"	""	"NCBITAXON:http://purl.bioontology.org/ontology/NCBITAXON/9606"	"Homo sapiens"	""	""	""	""	""	""	""	""	""	"3.334127425"	"4.300060606"	"1.384870605"	"3.161540335"	"6.321902032"	"5.320103622"	"4.329066797"	"3.138783376"	"5.925684114"	"4.214180574"	"4.845992866"	"3.846829674"	"5.621884219"	"4.536305778"	"2.536393091"	"3.441615008"	"4.506358769"	"5.160620824"	"4.142830053"	"2.197833546"	"3.01119388"	"2.505298981"	"0.342339057"	"3.788190151"	"3.116874566"	"3.710623962"
"CHEBI:34505"	"C20H34O5"	"CCCCC[C@H](O)\C=C\[C@H]1[C@H](O)C[C@H](O)[C@H]1C\C=C/CCCC(O)=O"	"InChI=1S/C20H34O5/c1-2-3-6-9-15(21)12-13-17-16(18(22)14-19(17)23)10-7-4-5-8-11-20(24)25/h4,7,12-13,15-19,21-23H,2-3,5-6,8-11,14H2,1H3,(H,24,25)/b7-4-,13-12+/t15-,16-,17+,18-,19+/m0/s1"	"8-iso-PGF2a"	""	""	"[M-H]-"	"-"	""	"NCBITAXON:http://purl.bioontology.org/ontology/NCBITAXON/9606"	"Homo sapiens"	""	""	""	""	""	""	""	""	""	"0.030204935"	"0.044539329"	"0.011555827"	"0.051016602"	"0.126527554"	"0.195419981"	"0.048580819"	"0.020121081"	"0.066913563"	"0.045839996"	"0.066979365"	"0.009745482"	"0.031768035"	"0.137938279"	"0.010512836"	"0.031908728"	"0.024908603"	"0.037678253"	"0.022233726"	"0.011629596"	"0.021213313"	"0.007429805"	"0.011807264"	"0.013293755"	"0.148730666"	"0.04558964"
"CHEBI:136485"	"C20H32O4"	"C(=CC=C[C@H](CCCCC)O)C=C[C@H](C/C=CCCCC(O)=O)O"	"InChI=1S/C20H32O4/c1-2-3-8-13-18(21)14-9-4-5-10-15-19(22)16-11-6-7-12-17-20(23)24/h4-6,9-11,14-15,18-19,21-22H,2-3,7-8,12-13,16-17H2,1H3,(H,23,24)/b5-4-,11-6-,14-9+,15-10+/t18-,19+/m0/s1"	"8S,15S-DiHETE"	""	""	"[M-H]-"	"-"	""	"NCBITAXON:http://purl.bioontology.org/ontology/NCBITAXON/9606"	"Homo sapiens"	""	""	""	""	""	""	""	""	""	"0.534473725"	"1.431135789"	"0.089022718"	"0.473840022"	"4.708399871"	"3.798524628"	"1.67911494"	"0.757607373"	"2.258514197"	"1.766515651"	"2.774167599"	"0.446346588"	"1.239768561"	"0.67065935"	"0.206306187"	"0.497691353"	"1.696196127"	"1.779911439"	"1.15271221"	"0.203846788"	"0.621815941"	"0.177865669"	"0.02397372"	"0.459338274"	"0.873963444"	"1.188183446"
"CHEBI:34499"	"C18H34O5"	"C(C(CCCCCCCC(O)=O)O)(/C=C/C(CCCCC)O)O"	"InChI=1S/C18H34O5/c1-2-3-7-10-15(19)13-14-17(21)16(20)11-8-5-4-6-9-12-18(22)23/h13-17,19-21H,2-12H2,1H3,(H,22,23)/b14-13+"	"9,10,13-TriHOME"	""	""	"[M-H]-"	"-"	""	"NCBITAXON:http://purl.bioontology.org/ontology/NCBITAXON/9606"	"Homo sapiens"	""	""	""	""	""	""	""	""	""	"0.571936715"	"0.638341723"	"0.449091766"	"2.661361692"	"4.787302041"	"13.4087232"	"1.995815575"	"0.435865739"	"1.465040145"	"0.925426347"	"1.602752861"	"0.344366638"	"1.536978165"	"9.141085261"	"0.470310708"	"1.694948878"	"2.044404249"	"3.344309914"	"1.459290657"	"0.457326262"	"0.752645455"	"0.325753943"	"0.221197728"	"0.502178351"	"4.101872902"	"1.775219965"
"CHEBI:72663"	"C18H34O4"	"CCCCCC=C/CC(O)C(O)CCCCCCCC(O)=O"	"InChI=1S/C18H34O4/c1-2-3-4-5-7-10-13-16(19)17(20)14-11-8-6-9-12-15-18(21)22/h7,10,16-17,19-20H,2-6,8-9,11-15H2,1H3,(H,21,22)/b10-7-"	"9,10-DiHOME"	"313.2"	"201.1"	"[M-H]-"	"-"	""	"NCBITAXON:http://purl.bioontology.org/ontology/NCBITAXON/9606"	"Homo sapiens"	""	""	""	""	""	""	""	""	""	"0.255414654"	"0.147247141"	"0.219405866"	"0.447736231"	"0.31735888"	"0.510133937"	"0.479544438"	"0.18038869"	"0.475059419"	"0.347129091"	"0.354928429"	"0.292403162"	"0.180798375"	"0.428640651"	"0.337588184"	"0.30549145"	"0.786196201"	"0.477101462"	"0.544258166"	"0.156287677"	"0.506423795"	"0.286188943"	"0.227408331"	"0.177727102"	"0.281906757"	"0.357424704"
"CHEBI:34494"	"C18H32O3"	"CCCCCC=C/CC1OC1CCCCCCCC(O)=O"	"InChI=1S/C18H32O3/c1-2-3-4-5-7-10-13-16-17(21-16)14-11-8-6-9-12-15-18(19)20/h7,10,16-17H,2-6,8-9,11-15H2,1H3,(H,19,20)/b10-7-"	"9,10-EpOME"	"295.2"	"171.2"	"[M-H]-"	"-"	""	"NCBITAXON:http://purl.bioontology.org/ontology/NCBITAXON/9606"	"Homo sapiens"	""	""	""	""	""	""	""	""	""	"0.430018861"	"0.344142033"	"0.359174114"	"0.418872475"	"0.47554595"	"0.613304129"	"0.406738838"	"0.366965855"	"0.43291144"	"0.324097543"	"0.344302325"	"0.367359904"	"0.501302384"	"0.435651708"	"0.359983341"	"0.393302756"	"0.393426191"	"0.395889217"	"0.39980713"	"0.319665269"	"0.44158338"	"0.313832555"	"0.32060569"	"0.393350102"	"0.361880159"	"0.375842026"
"CHEBI:34506"	"C18H34O5"	"CCCCC[C@H](O)[C@@H](O)C=C[C@@H](O)CCCCCCCC(O)=O"	"InChI=1S/C18H34O5/c1-2-3-7-11-16(20)17(21)14-13-15(19)10-8-5-4-6-9-12-18(22)23/h13-17,19-21H,2-12H2,1H3,(H,22,23)/b14-13+/t15-,16-,17-/m0/s1"	"9,12,13-TriHOME"	"329.2"	"211.2"	"[M-H]-"	"-"	""	"NCBITAXON:http://purl.bioontology.org/ontology/NCBITAXON/9606"	"Homo sapiens"	""	""	""	""	""	""	""	""	""	"1.569862867"	"1.257621212"	"1.004418375"	"4.644779345"	"10.55235917"	"25.66783884"	"4.74128735"	"0.770154686"	"3.525745114"	"2.31000995"	"4.229742419"	"0.689217436"	"2.915455853"	"17.53955815"	"1.169790003"	"4.795304412"	"4.451777019"	"6.226660256"	"2.845569401"	"0.944171405"	"1.58771717"	"0.592866407"	"0.986308996"	"1.027689123"	"9.185584478"	"3.650858088"
"CHEBI:89570"	"C20H30O3"	"C(CC)=CC/C=CC/C=CCC(/C=C/C=CCCCC(=O)O)O"	"InChI=1S/C20H30O3/c1-2-3-4-5-6-7-8-10-13-16-19(21)17-14-11-9-12-15-18-20(22)23/h3-4,6-7,9-11,13-14,17,19,21H,2,5,8,12,15-16,18H2,1H3,(H,22,23)/b4-3-,7-6-,11-9-,13-10-,17-14+"	"9-HEPE"	""	""	"[M-H]-"	"-"	""	"NCBITAXON:http://purl.bioontology.org/ontology/NCBITAXON/9606"	"Homo sapiens"	""	""	""	""	""	""	""	""	""	"0.014790412"	"0.039436387"	"0.019987862"	"0.008881052"	"0.186843637"	"0.214781585"	"0.177078616"	"0.01455868"	"0.059664114"	"0.137043468"	"0.234311057"	"0.017373432"	"0.0578338"	"0.076650681"	"0.013396488"	"0.03124054"	"0.088049758"	"0.037288977"	"0.014549022"	"0.008550427"	"0.022276023"	"0.009448647"	"0.007992543"	"0.023718811"	"0.029634037"	"0.035630197"
"CHEBI:72786"	"C20H32O3"	"CCCCCC=C/CC=C/CC(O)C=CC=C/CCCC(O)=O"	"InChI=1S/C20H32O3/c1-2-3-4-5-6-7-8-10-13-16-19(21)17-14-11-9-12-15-18-20(22)23/h6-7,9-11,13-14,17,19,21H,2-5,8,12,15-16,18H2,1H3,(H,22,23)/b7-6-,11-9-,13-10-,17-14+"	"9-HETE"	""	""	"[M-H]-"	"-"	""	"NCBITAXON:http://purl.bioontology.org/ontology/NCBITAXON/9606"	"Homo sapiens"	""	""	""	""	""	""	""	""	""	"2.897714784"	"4.33692281"	"1.078562051"	"2.010861411"	"9.927127782"	"7.34438881"	"4.265773002"	"2.683512022"	"6.250924434"	"7.131210133"	"7.388949701"	"2.487361371"	"5.332798731"	"3.286439788"	"1.422780471"	"2.286160022"	"5.899909378"	"5.403900704"	"4.32368409"	"1.717348623"	"2.27526607"	"1.110309856"	"0.359589271"	"2.416657862"	"1.76800524"	"2.575858362"
"CHEBI:72651"	"C18H32O3"	"CCCCCC=C/C=C/C(O)CCCCCCCC(O)=O"	"InChI=1S/C18H32O3/c1-2-3-4-5-6-8-11-14-17(19)15-12-9-7-10-13-16-18(20)21/h6,8,11,14,17,19H,2-5,7,9-10,12-13,15-16H2,1H3,(H,20,21)/b8-6-,14-11+"	"9-HODE"	"295.2"	"171.1"	"[M-H]-"	"-"	""	"NCBITAXON:http://purl.bioontology.org/ontology/NCBITAXON/9606"	"Homo sapiens"	""	""	""	""	""	""	""	""	""	"6.885099646"	"10.47427448"	"2.107529712"	"7.203097292"	"31.92905595"	"29.9505332"	"17.67983051"	"7.670633433"	"18.43904202"	"23.72719831"	"32.70822313"	"4.176897446"	"13.78009464"	"19.21256927"	"3.1430292"	"5.887033502"	"26.9196337"	"26.81354015"	"8.994837415"	"3.073526206"	"5.572458271"	"2.445075592"	"0.712194449"	"3.488599671"	"8.255122672"	"10.42287119"
"CHEBI:72625"	"C18H30O3"	"CCC=C/CC=C/C=C/C(O)CCCCCCCC(O)=O"	"InChI=1S/C18H30O3/c1-2-3-4-5-6-8-11-14-17(19)15-12-9-7-10-13-16-18(20)21/h3-4,6,8,11,14,17,19H,2,5,7,9-10,12-13,15-16H2,1H3,(H,20,21)/b4-3-,8-6-,14-11+"	"9-HOTrE"	"293.2"	"171.1"	"[M-H]-"	"-"	""	"NCBITAXON:http://purl.bioontology.org/ontology/NCBITAXON/9606"	"Homo sapiens"	""	""	""	""	""	""	""	""	""	"0.163870452"	"0.267742998"	"0.091457029"	"0.076689696"	"0.486035526"	"0.480636888"	"0.708140821"	"0.118231695"	"0.167225063"	"0.474994703"	"0.993780555"	"0.12506158"	"0.239198657"	"0.286239105"	"0.110446379"	"0.129905509"	"0.348235774"	"0.291531765"	"0.125090151"	"0.074343014"	"0.09005958"	"0.042529084"	"0.034754209"	"0.075461721"	"0.088415485"	"0.286334055"
"CHEBI:72842"	"C18H30O3"	"C(=CC=CC(CCCCCCCC(O)=O)=O)CCCCC"	"InChI=1S/C18H30O3/c1-2-3-4-5-6-8-11-14-17(19)15-12-9-7-10-13-16-18(20)21/h6,8,11,14H,2-5,7,9-10,12-13,15-16H2,1H3,(H,20,21)/b8-6-,14-11+"	"9-KODE"	""	""	"[M-H]-"	"-"	""	"NCBITAXON:http://purl.bioontology.org/ontology/NCBITAXON/9606"	"Homo sapiens"	""	""	""	""	""	""	""	""	""	"0.515838191"	"0.184421518"	"0.113738527"	"0.638248527"	"1.62199592"	"2.916197748"	"0.775962322"	"0.322013641"	"0.519287919"	"0.274582711"	"0.71523388"	"0.134838413"	"0.583656447"	"2.298458842"	"0.251087967"	"0.610054276"	"1.342683094"	"0.631632236"	"0.790336128"	"0.217953715"	"0.280346376"	"0.140580508"	"0.055487187"	"0.171181665"	"0.879944953"	"0.513869897"
"CHEBI:89568"	"C20H30O4"	"CCCCC1[C@H]2CC(=O)[C@H](C/C=CCCCC(O)=O)[C@H]2CCC1=O"	"InChI=1S/C20H30O4/c1-2-3-8-16-17-13-19(22)15(14(17)11-12-18(16)21)9-6-4-5-7-10-20(23)24/h4,6,14-17H,2-3,5,7-13H2,1H3,(H,23,24)/b6-4-/t14-,15-,16?,17+/m1/s1"	"bicyclo-PGE2"	""	""	"[M-H]-"	"-"	""	"NCBITAXON:http://purl.bioontology.org/ontology/NCBITAXON/9606"	"Homo sapiens"	""	""	""	""	""	""	""	""	""	"0.017352159"	"0.010108385"	"0.004422024"	"0.00581016"	"0.070977724"	"0.183950932"	"0.045208598"	"0.04322574"	"0.019861197"	"0.011028753"	"0.061795103"	"0.011121562"	"0.025989993"	"0.017770738"	"0.009134679"	"0.021566845"	"0.057537717"	"0.012490509"	"0.035820752"	"0.005104509"	"0.007299903"	"0.010366631"	"0.003257792"	"0.015306973"	"0.044086041"	"0.018198244"
"CHEBI:28130"	"C20H30O4"	"CCCCC[C@H](O)C\C=C1/[C@@H](C\C=C/CCCC(O)=O)C=CC1=O"	"InChI=1S/C20H30O4/c1-2-3-6-10-17(21)13-14-18-16(12-15-19(18)22)9-7-4-5-8-11-20(23)24/h4,7,12,14-17,21H,2-3,5-6,8-11,13H2,1H3,(H,23,24)/b7-4-,18-14+/t16-,17-/m0/s1"	"d12-PGJ2"	""	""	"[M-H]-"	"-"	""	"NCBITAXON:http://purl.bioontology.org/ontology/NCBITAXON/9606"	"Homo sapiens"	""	""	""	""	""	""	""	""	""	"0.032879271"	"0.062029322"	"0.011929378"	"0.051528749"	"0.100599451"	"0.083525173"	"0.031088138"	"0.014468069"	"0.042684348"	"0.035836863"	"0.090694322"	"0.017586875"	"0.03149108"	"0.08929954"	"0.021626803"	"0.028593183"	"0.032913502"	"0.05721196"	"0.02373813"	"0.009115847"	"0.024099189"	"0.012318323"	"0.009211322"	"0.021469344"	"0.080228781"	"0.052332016"
"CHEBI:15647"	"C20H32O4"	"CCCCCC=C/C[C@@H](O)C=CC=CC=C/[C@@H](O)CCCC(O)=O"	"InChI=1S/C20H32O4/c1-2-3-4-5-6-9-13-18(21)14-10-7-8-11-15-19(22)16-12-17-20(23)24/h6-11,14-15,18-19,21-22H,2-5,12-13,16-17H2,1H3,(H,23,24)/b8-7+,9-6-,14-10+,15-11-/t18-,19-/m1/s1"	"LTB4"	"335.2"	"195.1"	"[M-H]-"	"-"	""	"NCBITAXON:http://purl.bioontology.org/ontology/NCBITAXON/9606"	"Homo sapiens"	""	""	""	""	""	""	""	""	""	"0.178684554"	"0.43770237"	"0.055300745"	"0.206932777"	"0.897360531"	"1.078204531"	"0.454355232"	"0.157297868"	"0.765109396"	"0.314785533"	"0.288846427"	"0.144079684"	"0.394941402"	"0.108915511"	"0.140048858"	"0.262555228"	"0.398441138"	"14.17593279"	"0.234334301"	"0.121089041"	"0.274170461"	"0.135818609"	"0.023027361"	"0.521343587"	"0.134931408"	"0.44246549"
"CHEBI:27696"	"C20H34O5"	"CCCCC[C@H](O)C=C[C@@H]1[C@@H](CCCCCCC(O)=O)[C@@H](O)CC1=O"	"InChI=1S/C20H34O5/c1-2-3-6-9-15(21)12-13-17-16(18(22)14-19(17)23)10-7-4-5-8-11-20(24)25/h12-13,15-18,21-22H,2-11,14H2,1H3,(H,24,25)/b13-12+/t15-,16+,17+,18-/m0/s1"	"PGD1"	""	""	"[M-H]-"	"-"	""	"NCBITAXON:http://purl.bioontology.org/ontology/NCBITAXON/9606"	"Homo sapiens"	""	""	""	""	""	""	""	""	""	"0.025924719"	"0.035167672"	"0.004200631"	"0.049889342"	"0.143872392"	"0.129177718"	"0.021311324"	"0.022083881"	"0.057487012"	"0.033483875"	"0.030741501"	"0.017505175"	"0.041910104"	"0.021459655"	"0.019897377"	"0.051346562"	"0.022956163"	"0.040142715"	"0.050922322"	"0.015610998"	"0.035687507"	"0.023094367"	"0.002329613"	"0.013146063"	"0.065227997"	"0.023055641"
"CHEBI:15551"	"C20H32O5"	"CCCCC[C@H](O)C=C[C@H]1[C@H](O)CC(=O)[C@@H]1CC=C/CCCC(O)=O"	"InChI=1S/C20H32O5/c1-2-3-6-9-15(21)12-13-17-16(18(22)14-19(17)23)10-7-4-5-8-11-20(24)25/h4,7,12-13,15-17,19,21,23H,2-3,5-6,8-11,14H2,1H3,(H,24,25)/b7-4-,13-12+/t15-,16+,17+,19+/m0/s1"	"PGE2"	"351.2"	"271.2"	"[M-H]-"	"-"	""	"NCBITAXON:http://purl.bioontology.org/ontology/NCBITAXON/9606"	"Homo sapiens"	""	""	""	""	""	""	""	""	""	"0.119932615"	"0.179439173"	"0.02315573"	"0.104344048"	"0.34347147"	"0.482986805"	"0.260519378"	"0.105654621"	"0.152112203"	"0.111241496"	"0.296382981"	"0.069948728"	"0.129907145"	"0.197963835"	"0.060693738"	"0.104826222"	"0.134732829"	"0.110115886"	"0.105472783"	"0.03603231"	"0.097001956"	"0.060180799"	"0.030557131"	"0.112941608"	"0.296781334"	"0.19272925"
"CHEBI:15553"	"C20H34O5"	"CCCCC[C@H](O)C=C[C@H]1[C@H](O)C[C@H](O)[C@@H]1CC=C/CCCC(O)=O"	"InChI=1S/C20H34O5/c1-2-3-6-9-15(21)12-13-17-16(18(22)14-19(17)23)10-7-4-5-8-11-20(24)25/h4,7,12-13,15-19,21-23H,2-3,5-6,8-11,14H2,1H3,(H,24,25)/b7-4-,13-12+/t15-,16+,17+,18-,19+/m0/s1"	"PGF2a"	"353.2"	"193.1"	"[M-H]-"	"-"	""	"NCBITAXON:http://purl.bioontology.org/ontology/NCBITAXON/9606"	"Homo sapiens"	""	""	""	""	""	""	""	""	""	"0.172241666"	"0.248129797"	"0.075200477"	"0.288855623"	"0.511779424"	"0.714044087"	"0.46006928"	"0.095167234"	"0.206341084"	"0.144234366"	"0.460445087"	"0.067517925"	"0.136297619"	"0.565570985"	"0.099068294"	"0.212455512"	"0.166370286"	"0.171210897"	"0.13899438"	"0.11567105"	"0.125482767"	"0.090943152"	"0.1205767"	"0.087460648"	"0.729338612"	"0.290155095"
"CHEBI:27485"	"C20H30O4"	"CCCCC[C@H](O)C=C[C@@H]1[C@@H](CC=C/CCCC(O)=O)C=CC1=O"	"InChI=1S/C20H30O4/c1-2-3-6-10-17(21)13-14-18-16(12-15-19(18)22)9-7-4-5-8-11-20(23)24/h4,7,12-18,21H,2-3,5-6,8-11H2,1H3,(H,23,24)/b7-4-,14-13+/t16-,17-,18+/m0/s1"	"PGJ2"	""	""	"[M-H]-"	"-"	""	"NCBITAXON:http://purl.bioontology.org/ontology/NCBITAXON/9606"	"Homo sapiens"	""	""	""	""	""	""	""	""	""	"0.045354857"	"0.087783531"	"0.013001101"	"0.065323648"	"0.171625405"	"0.130192654"	"0.041179267"	"0.023016576"	"0.062995942"	"0.052598591"	"0.145529303"	"0.024760251"	"0.053254463"	"0.100211443"	"0.033708151"	"0.043464195"	"0.043996783"	"0.069638188"	"0.035067686"	"0.008296477"	"0.034140169"	"0.019973137"	"0.010794712"	"0.003136751"	"0.118836083"	"0.068768098"
"CHEBI:28728"	"C20H34O6"	"CCCCC[C@H](O)C=C[C@H]1OC(O)C[C@H](O)[C@@H]1CC=C/CCCC(O)=O"	"InChI=1S/C20H34O6/c1-2-3-6-9-15(21)12-13-18-16(17(22)14-20(25)26-18)10-7-4-5-8-11-19(23)24/h4,7,12-13,15-18,20-22,25H,2-3,5-6,8-11,14H2,1H3,(H,23,24)/b7-4-,13-12+/t15-,16-,17-,18+,20?/m0/s1"	"TXB2"	"369.2"	"169.1"	"[M-H]-"	"-"	""	"NCBITAXON:http://purl.bioontology.org/ontology/NCBITAXON/9606"	"Homo sapiens"	""	""	""	""	""	""	""	""	""	"0.13215393"	"0.382998743"	"0.188305492"	"0.560457768"	"4.576428394"	"1.783018511"	"0.471302793"	"0.08739314"	"0.36628697"	"0.346062687"	"0.24767229"	"0.055340213"	"0.414935639"	"2.094376491"	"0.082723698"	"0.789471482"	"1.299827628"	"0.406495845"	"0.23113376"	"0.279413847"	"0.240615772"	"0.059352926"	"0.302256277"	"0.224235872"	"0.558133414"	"2.325843413"
